Fernando Bade;24 de outubro de 2019;Muito ruim. Cobra R$9,70 pra transferir saldo pra conta da mesma titularidade no pr√≥prio Bradesco. N√£o √© aceito em nenhum lugar online e pra recarregar √© terr√≠vel tamb√©m.;
Grupo Navegador;3 de outubro de 2018;o aplicativo N√ÉO abre;
Sergio luis Silva lima;11 de junho de 2018;Baxei o App e preenchi todos os meus dados mais na hora de finalizar aparece uma mensagem dizendo que deu erro ao criar o meu cadastro e tente mais tarde. Gostaria de saber se voc√™s poderiam me ajudar nessa quest√£o.;
Eduardo Santos;14 de julho de 2019;Estou tentando cria uma conta mais sempre aparece cadastro com dados invalidos!! Algu√©m pode me ajuda?;
Mayrla Silva;3 de julho de 2019;√≥timo;
Airton Chagas;28 de julho de 2019;Muito bom;
anderson ferreira da silva;20 de maio de 2019;muito pratico seguro simples;
Um usu√°rio do Google;22 de setembro de 2018;Horror, n√£o consigo finalizar meu cadastro, chega no final n√£o d√° pra marcar o termo de conduta. E n√£o d√° pra finalizar. P√©ssimo, n√£o consigo ver meu saldo p√©ssimo;
Vera Souza Benjamin;6 de setembro de 2019;HORR√çVEL, A GENTE FAZ O CADASTRO E QUANDO TERMINA.FICA DANDO DADOS INV√ÅLIDOS. AI NUNCA FINALIZA;
Leandro Santtos;20 de junho de 2018;O App n√£o funciona direito.. n√£o consigo fazer o download do boleto.. Complicado.. Onde colocar ou comprar cr√©dito?;
NICK OLIVER;21 de junho de 2018;Nao recebi meu codigo por sms ...nao consigo acessar minha conta;
Daniel Gomes;3 de abril de 2019;gosto do app mas est√° pesado no login. demora demais.;
Edrey Silva;27 de agosto de 2019;Muito bom;
Lorena Morais Silva;2 de dezembro de 2018;Baixei aplicativo antes mesmo do cart√£o chegar que demorou muito. O cart√£o todas as vez que tem que tranferir tenho que digitar mesmo colocando ele como cadastrado, no internet, fone f√°cil, bia, n√£o sabem responder que o meu limite no celular √© 300,00 e no internet √© 1,00 como fazer para aumentar? N‚Ä¶;
SISTEMA TV7;7 de julho de 2018;Legal;
 Ä ·¥è ·¥Ö  Ä …™ …¢ ·¥è …¥ ·¥ú …¥ ·¥á Íú±;6 de janeiro de 2019;Quando termino o meu cadastro, da a seguinte mensagem: ERRO DE COMUNICA√á√ÉO. Tente novamente mais tarde.(01GWS0446) E √© isso toda vez que vou terminar de preencher o que pedi para solicitar o cart√£o.;
Kelly Sabrina Nascimento Silva;15 de janeiro de 2019;ja tem mais de 10 dias, e ainda nao chegou meu cartao.;
Um usu√°rio do Google;20 de junho de 2018;N√£o funciona este aplicativo ele n√£o faz cadastro aos criadores tem que fazer pelo menos funciona.;
jackson luiz;6 de novembro de 2018;N√£o consigo ligar para o central de atendimento para desbloquear e cadastrar a senha;
Ciane Souza;18 de junho de 2019;muito bom esse Apple;
Um usu√°rio do Google;1 de novembro de 2018;Como todo o sistema de internet banking do Bradesco, UM LIXO... Apresenta "erro de comunica√ß√£o" insistentemente.;
Um usu√°rio do Google;14 de mar√ßo de 2019;muito bacana;
Andriele Gaia;18 de agosto de 2019;depois que atualizei nao consigo entrar mais no aplicativo.. Nao recebo a Senha por SMS.. e nao consigo entrar mais no aplicativo.;
Um usu√°rio do Google;8 de agosto de 2018;Bradesco deveria unificar o app com o app Bradesco de acesso a conta, assim como e feito p√°ra buscar a chave de seguran√ßa e na execus√£o do app na aba cart√µes.;
Jos√© Roque;11 de outubro de 2019;√ìtimo aplicativo do Bradesco. Excelente parab√©ns ao Banco Bradesco.;
VANDERLEI CARNETTI;29 de agosto de 2018;√â vergonhoso ver uma institui√ß√£o desse porte n√£o conseguir nem criar um app descente, e olha que vcs poderia copiar as fun√ß√µes do banco Next, e tamb√©m incluir a fun√ß√£o de recarregar o cart√£o por boleto, dentro do app, vou sugerir que vcs deem uma olhada no app opa! Cart√µes pr√©-pago, olhem com aten√ß√£‚Ä¶;
C√≠cero Reinaldo;15 de mar√ßo de 2019;BOM (30);
Jefferson Soares;1 de julho de 2018;N√£o recebo o SMS para confirma√ß√£o. J√° solicitei o reenvio v√°rias vezes, mas, nada!;
Marina Rodrigues de Carvalho;26 de setembro de 2019;Foi FACIL PEDIR CARTAO;
mauro crispimn;14 de outubro de 2018;Pura enganacao;
Elias Antonio;11 de mar√ßo de 2019;bom;
cicero luiz dos santos barbosa barbosa;15 de mar√ßo de 2019;Ate o app funcionar;
Um usu√°rio do Google;9 de dezembro de 2018;Ap√≥s o pagamento quanto tempo pra chegada do cart√£o?;
Mariajose Assun√ß√£o;8 de abril de 2019;bom;
Que a minha f√©, seja maior que as minhas fraquezas;16 de abril de 2019;muito agrad√°vel!;
Wesley Cesar;22 de junho de 2018;Aparece sess√£o expirada toda hora orrivel de entrar , cai toda hora e nem sempre entra no app;
Vanderlei Adriano Carneiro;12 de maio de 2019;ja tenho minha conta bradesco din, mas n√£o sei o numero da conta, liquei para central de atindimento bradesco din e me informaram que o numero seria o que esta na frente do cart√£o, mas tentei fazer um deposito no atendimento bradesco expresso mas n√£o foi possivel, sera que alquem poderia me ajudar n‚Ä¶;
Henrique Tavares;26 de junho de 2019;bom;
Gustavo Matoso;21 de junho de 2018;Fiz o pagamento de 9,90 e at√© agora n√£o constou no app que o boleto foi pago. PS: j√° fazem quase 2 dias q efetuei o pagamento e os 9,90 foram descontados da minha conta corrente normalmente;
Levi Dos Santos Florentino;3 de abril de 2019;muito bom √≥timo exelente;
Eduardo Antonio;6 de setembro de 2019;Nao gostei porque esqueci a senha fiquei esperando o cod pra entrar e nada de cod;
Pedro Seguette;23 de junho de 2019;at√© o momento estou gostando;
George Malheiros;22 de outubro de 2019;Bom desempenho!;
Pericles Fernandes;22 de junho de 2018;Imposs√≠vel fazer login, desconecta o tempo todo e pede pra fazer login e fica nesse loop sem fim;
Rodriguez;22 de junho de 2019;bom. facil. perfeito;
Juracy Barbosa;22 de julho de 2019;eu gostei mt desse app,mais podia melhorar mais cm poder acompalhar o cartao;
Leonardo Oliveira Sousa;11 de setembro de 2018;N√£o tem op√ß√£o de recarga por boleto banc√°rio, sendo assim impossibilita o uso do cart√£o.;
Silvano Santos;24 de outubro de 2019;Este cart√£o foi pago o valor de 9,90 ativei s√≥ que marquinha n√£o funciona com e mais deveria ter um programa de pontua√ß√£o uma vez que a desiste do outro pra gastar 5.000, e na funciona.;
Um usu√°rio do Google;29 de dezembro de 2018;s√≥ da erro de comunica√ß√£o, nunca consigo concluir a solicita√ß√£o do cart√£o;
luiz marchetti neto;27 de junho de 2019;excelente app;
Josenilson Paix√£o Soeira;21 de julho de 2018;Falta o desbloqueio com a digital. Toda hora t√° colocando a senha principal √© chato demais.;
Luis ≈ûilva;25 de junho de 2019;√≥timo;
Ricardo Cruz;28 de dezembro de 2018;bandeira Visa ou Elo? √â aceito no PayPal? Esse Bradesco sempre tentando melhorar nas nunca melhora üòÇ;
Rebeka Santos;17 de maio de 2019;Exelente app;
edlaine diniz;19 de agosto de 2019;excelente para usar e f√°cil resposta.;
xXPerfect_NooB;13 de setembro de 2018;N√£o perca nem seu tempo com esse app e este cart√£o lixo.;
EDVALDA GERCINA DOS SANTOS SILVA SILVA;23 de mar√ßo de 2019;muito legal;
Um usu√°rio do Google;8 de mar√ßo de 2019;muito bom;
Jose Monteiro da cruz Monteiro Cruz;19 de junho de 2019;muito bom eu gostei parabens;
Ot√°vio Torres da Silva J√∫nior;24 de maio de 2019;Excelente! Atenciosamente: Ot√°vio Torres da Silva J√∫nior.;
Cassiano Lira;13 de setembro de 2019;N√£o gostei;
Jessyka Souza;20 de junho de 2018;Para de reclamar seus rid√≠culos, se o de vcs n√£o deu certo sinal q s√£o tudo caloteiros...;
amailton roc;16 de mar√ßo de 2019;√≥timo;
Anderson D. Santos;6 de outubro de 2019;GOSTARIA DE SABER SE COM ESSE CART√ÉO EU CONSIGO PAGA ASSINA A NETFLIX E COMPRA COISAS EM SITES???;
Jose Luiz Azambuja Mendes;9 de junho de 2019;Excelente;
Esdras Marques;22 de outubro de 2019;Oi gente! Como depositar dinheiro ou recarregar esse pre-pago? Na minha cidade nao tem correspondente Bradesco. Porque tanta atualizacao se nada muda?;
Alan Xavier da Silva;16 de julho de 2019;foi muito aproveitoso;
Caique Caettano;6 de julho de 2018;Aplicativo deveria lembrar login ou melhor leitor digital ficar digitando toda hora cansa....;
Alex Hunter;29 de outubro de 2018;P√©ssimo,aplicativo n√£o abre. Pior cart√£o que j√° tive na vida.;
Fernanda Moura;19 de julho de 2018;Fiz meu cadastro mas me confundi acabei cadastando um n√∫mero que n√£o uso mas E agora n√£o consigo acessar minha conta Gostara de saber como fa√ßo Para arrumar isso;
S√©rgio Pereira;29 de julho de 2019;muito r√°pido;
alberto Dias;11 de junho de 2018;Solicitei cart√£o at√© si tudo bem, por√©m nunca gera o boleto desde ontem espero o msm. Como fa√ßo pra pagar?;
Linha Linha;24 de julho de 2018;Boa tarde tenho conta no Bradesco din mais pedir senha do aplicativo e eu troquei de n√∫mero como fa√ßo pra recuperar senha;
Um usu√°rio do Google;9 de junho de 2019;Excelente, d√° para o gasto...;
Jaison Voss;14 de agosto de 2019;com a nova atualiza√ß√£o o saldo do cart√£o n√£o aparece direito no visor;
Roberto J√∫lio Ribeiro Ribeiro;13 de julho de 2019;100 coment√°rio ‚ù§;
J Leno;17 de janeiro de 2019;Eu pedi o cart√£o por√©m n√£o tem op√ß√£o de recarrega-lo por boleto bancario. tinha q ter essa op√ß√£o de recarga por boleto. nao irei usar mais por isso;
Well melo;27 de setembro de 2019;Adorei a facilidade da opera√ß√£o! Obrigada;
Um usu√°rio do Google;28 de dezembro de 2018;esse banco faz a gente de besta. fica esperando por algo que nunca vai acontecer. o codigo n√£o vai chegar por SMS, voc√™s v√£o ficar esperando feito besta e sequer v√£o te responderem. se virar o ano e nao resolver eu vou encerrar at√© as minhas contas nesse banco. n√£o suporto incompet√™ncia!;
Um usu√°rio do Google;16 de novembro de 2018;Deveria ter uma op√ß√£o de recarregar via boleto pra quem n√£o √© correntista do Bradesco.;
Stephanye Stephans;31 de julho de 2019;n√£o sei ate hoje como botar cr√©dito na conta. os outros cart√µes tem possibilidades mil .;
Larissa Moreira;17 de agosto de 2018;Gostaria de pedir outro cart√£o, pois cancelei o atual por perda, j√° acessei o aplicativo, s√≥ que sempre aparece uma notifica√ß√£o dizendo que n√£o h√° mais limite de pedido no momento..nao entendi. Podem me ajudar?;
Paulo Cesar;22 de junho de 2018;Aplicativo feito nas coxas, as pressas, n√£o deve nem ter sido testado.;
Gilberto Souza;9 de outubro de 2019;Eu queria saber pq nao to conseguindo fazer o pedido do cartao quando clico em pedir cartao so aparece a menssagem erro na comunicacao com o servidor..;
xaviergil matos xavier;15 de julho de 2018;N√£o consigo fazer o meu cadastro no aplicativo porque sera;
Geldeir DE NEGRO CINTRA;2 de setembro de 2018;Cart√£o n√£o chega .;
Elaine Dos santos lopes nunes;19 de julho de 2019;otimo;
Tais Oliveira;19 de junho de 2018;Depois de ler todos os coment√°rios desisti de instalar e pedir o cart√£o. Vou aguardar algu√©m comentar que deu certo!;
Edinalda Rodrigues;14 de julho de 2019;Ainda n√£o tenho. E muito Bom.;
Isaac Sousa;2 de abril de 2019;Sou correntista desde 2003. Testei este novo cart√£o e s√≥ me decepcionei. N√£o serve para pagtos. pela internet, nem pra carregar um celular deu. S√≥ funciona em compras f√≠sicas, mas pra isso j√° temos o cart√£o de d√©bito, ou seja, completamente in√∫til.;
Geilson Pereira;11 de junho de 2018;N√£o solicitei o card, mas o app em si t√° muito bom. Faltou informa√ß√µes claras sobre as tarifas de utiliza√ß√£o ap√≥s o recebimento do card.;
Edilson Pereira;19 de junho de 2018;Falta a op√ß√£o de desbloqueio autom√°tico com o leitor de impress√µes.;
luciano couto;12 de mar√ßo de 2019;bom aplicativo;
Gislange Sousa;23 de outubro de 2018;Baixei mas n√£o consigo finalizar o cadastrado N√£o funciona;
Ilza Guedes;4 de julho de 2019;vamos avaliar tem APP pra ajudar;
Joelhiton Pereira Dos Santos;28 de setembro de 2019;Troquei o n√∫mero do telefone agora n√£o consigo mas acessar a conta E n√£o aparece op√ß√£o De trocar senha. Complicado isso;
Um usu√°rio do Google;22 de junho de 2018;Precisa melhorar mais o app pois t√° dando falha na hora de fazer o login e o menu N√£o tem muita op√ß√£o n√£o tem a op√ß√£o de recarga o cart√£o n√£o sei como p√≥ cr√©dito!;
Jorge Leandro Eugenio de Sousa;30 de junho de 2018;Muito ruim esse app . Ele n√£o abre no ZenFone 5 (2013) modelo a501 - fiz o cadastro mas ele nem deu op√ß√£o para escolher o cart√£o ou baixar o boleto e nem da para acessar o app;
Um usu√°rio do Google;9 de mar√ßo de 2019;gostei muito excelentes;
Thi Games;14 de mar√ßo de 2019;top;
Val Bentes;30 de julho de 2019;fiquei muito feliz por ter conseguido meu cart√£o de cr√©dito obrigado pela aten√ß√£o quero meu boleto banc√°rio porfavo obrigado fico no aguardo obrigado;
Cat√≥lico Aleteia;28 de julho de 2019;Esse aplicativo n√£o envia o c√≥digo para o n√∫mero informado. nem tem como pedir o cart√£o. Estou a 6 meses tentando e n√£o consigo.;
ANTONIO CLAUDIO MIOTTO;4 de agosto de 2019;muito bom mesmo;
Karol Rios;1 de outubro de 2019;bom;
Lucianos Silva;19 de junho de 2018;Fiz o cadastro e o c√≥digo de confirma√ß√£o foi enviado mas ao tentar confirmar d√° erro com o servidor, arrumem isso.;
Jan l;21 de junho de 2018;Preencho meus dados, mas no final a msg "ocorreu um erro ao criar seu cadastro". A dias tento e o erro continua.;
Francisco Sidou;22 de junho de 2018;N√£o funciona. N√£o gera o boleto p pacto e n√£o consigo me manter logado,, a sess√£o expira toda hora e pede novo login, isso constantemente.;
Fabiano Santiago;20 de janeiro de 2019;Excelente cart√£o pr√© pago.;
Andr√© Rocha;22 de junho de 2018;Gostaria de reportar um bug. Fiz cadastro e pagamento do boleto dia 19/06 Agora quando logo e clico na op√ß√£o boletos no menu, o App fecha e exibe mensagem a sess√£o expirou. Poderiam vericar?;
Adheval de Souza Silva;27 de abril de 2019;muito show!;
Carlos Andr√© G. Faria;11 de julho de 2018;N√£o tem minha profiss√£o e n√£o carrega estado ??? Come√ßou bem ... Bem mal ...;
Wellyngtonluiz Santos Ferreira;7 de agosto de 2019;Comprei esse Cart√£o e fui ver que √© in√∫til n√£o efetua nada da play story Netflix Globo play... etc. me fala pra que serve esse Cart√£o?;
Willian Lemes;25 de junho de 2018;P√©ssimo!!! Vc pede o cart√£o e o boleto n√£o √© gerado. Atendimento via telefone n√£o funciona.;
Vitoria Batista;15 de outubro de 2019;Eu estou sem entender oq estou esperando um sms de confirma√ßao a horas e nao chega o que eu fa√ßa;
Cantor Ricardo Oliveira;9 de agosto de 2018;Paguei o boleto de 9,90 e ate agora nada de libera√ß√£o do Cart√£o...o que fa√ßo? Preciso de uma resposta..obrigado;
Ismar Oliveirados Santos Oliveira;8 de agosto de 2019;gostei muito bom e pratico;
Izaias Pessoa;14 de outubro de 2019;QUERO CANCELAR MEU CADASTRO;
Mario Gamer;2 de dezembro de 2018;N√£o √© √∫til pra mim;
Fernando Gonzales;14 de agosto de 2019;Ele √© aceito na Rappi e na Livelo? e participa das promo√ß√µes de ambas?;
Dayenne Sampaio;25 de agosto de 2018;Baixei o aplicativo mas n√£o consigo pedir o cart√£o. Toda vez diz que deu erro no servidor. Poxa.....;
Jose Carlos;17 de setembro de 2018;Trata-se d um p√©ssimo aplicativo. S√≥ consigo me logar pelo PC, aqui nada funciona. N√£o recomendo perder tempo com isso.;
MARCOS EDUARDO FERREIRA;29 de mar√ßo de 2019;APP muito bom!;
Alessandra Menezes;10 de setembro de 2019;Boa;
Valmir Santos;10 de setembro de 2019;Muito bom;
marcelo nascimento lisboa;19 de junho de 2018;N aparace o check box para aceitar o contrato no √∫ltimo passo;
Marjuri Guimar√£es;18 de julho de 2018;J√° vou logo avisando que esse app √© bugado, Din Din Din ele n√£o funcionou pra mim :'(;
Um usu√°rio do Google;19 de mar√ßo de 2019;Para mim, que sou muito leigo na inform√°tica, at√© que foi simples.;
Bruno Melo;21 de julho de 2019;bom muito bom;
antonio c n oliveira;21 de dezembro de 2018;E o Bradesco est√° falindo fazendo cart√£o pr√©-pago eu tenho cartao de cr√©dito;
Josimar Gomes;16 de setembro de 2019;Muito bom;
Marcelo Alves;31 de maio de 2019;bom;
Um usu√°rio do Google;7 de mar√ßo de 2019;simplesmente n√£o enviaram o cart√£o e deram um parecer... t√° ruim assim.;
Sheylla Mayara;23 de maio de 2019;muito bom;
Jo√£o Victor Soares Cruvinel;16 de julho de 2019;N√£o tem como recarregar por boleto, gastei 10 reais atoa;
vitinho10 Vitinho;2 de outubro de 2019;Muito bom;
Jos√© A R Avelar;23 de outubro de 2019;Bom App, simples e f√°cil. Nada complicado. A unica coisa que na minha opini√£o deixaria este servi√ßo mais bacana, seria a recarga via boleto. :);
Ketren BruBer;16 de maio de 2019;√≥tima;
Andr√© Morais;28 de julho de 2019;excelente op√ß√£o de cart√£o de d√©bito pr√© pago.;
Luiz Henrique Alves Araujo;26 de junho de 2019;Muito bom;
Ruan Torres;20 de junho de 2018;Gente eu fiz tudo certo pelo q vi n√£o envia esse cart√£o vc paga e n√£o chegao telefone n√£o te d√° atendimento pois pede o n√∫mero do cart√£o;
Andr√© Rodrigues;25 de mar√ßo de 2019;Nao consigo pedir um cartao, toda hora da erro. Ja mudei de conexoes varias vezes e nada;
Primo Fts;1 de abril de 2019;recebi o cod. de autoriza√ßao porem so da mensagen de tipo de solucita√ßao nao esta disponivel...;
Severino Ramos;28 de junho de 2019;nao consigo solicitar o cartao, so fica dizendo que o servidor nao esta espondendo.;
Jose gomes De araujo;25 de outubro de 2019;O app √© muito bom apesar de demorar um pouquinho o acesso.;
D√©ia;22 de junho de 2018;N√£o consigo sequer fazer o cadastro.;
Junior Oliveira Catunda ce;12 de maio de 2019;mui bom;
Ana Celia Marinho;14 de abril de 2019;√≥tima;
Juliana Carillo;12 de novembro de 2018;Como recarregar o cart√£o ?ü§î;
ana cristina' rodrigues;22 de junho de 2019;√≥timo;
Jos√© Carlos Rodrigues Neto;2 de julho de 2019;√≥timo cart√£o e aplicativo;
Bug Bug28;21 de julho de 2019;so queria saber como gerar boleto para por dinheiro podia me ajudar nisso;
Ricardo Coutinho Cavalcanti;30 de julho de 2019;Boa;
Reynaldo Pereira;17 de junho de 2019;ok;
Marco Marco;10 de junho de 2019;√≥tima;
Um usu√°rio do Google;3 de julho de 2019;T√° de brincadeira n√©?! 9.90 por doc ou ted, , sem op√ß√£o de portabilidade de sal√°rio, R$1,00 (um real) de limite de transfer√™ncia via internet banking. N√£o pode recarregar por Ted ou Doc por outros bancos. Pra ficar ruim tem que melhorar muito esse cart√£o;
Carol Silva;25 de julho de 2019;E muito agrad√°vel e pr√°tico gostei;
Eliel Souza;17 de setembro de 2019;Muito bom top mesmo;
Marcelo Lopes;5 de julho de 2018;Fiz uma recarga at√© agora nada de o cr√©dito entra no cart√£o os pr√≥prios atendente do Bradesco n√£o sabe KD o cr√©dito Bradesco vou da prazo de 24 horas caso tomarei providencias com dona justa;
Luiz Fernando;3 de julho de 2019;apps muito bom;
Washington Soares;23 de maio de 2019;muito bom;
elizama de azevedo;6 de maio de 2019;amei este aplicativo;
Um usu√°rio do Google;17 de fevereiro de 2019;N√£o consigo acessar o site nem o APP, meu telefone mudou.;
juliane lima;13 de novembro de 2018;Algu√©m sabe se da pra tranferir de outra conta corrente bradesco pra esse cartao bradesco??;
Um usu√°rio do Google;20 de junho de 2018;Olha bom gostei;
Emmanuel Martins;17 de julho de 2018;Primeiro as tarifas n√£o est√£o em lugar nenhum, nem no app nem no site. COBRAM MANUTEN√á√ÉO MENSAL. somente depois de vc faz cart√£o que aparece. Horr√≠vel ter que colocar dados todas as vezes que tem que entrar (que vergonha desenvolveres). Tem muito a melhor, servi√ßo chega tarde no mercado e com es‚Ä¶;
Diego Fernandes;29 de maio de 2019;esqueci minha senha do aplicativo, como recuperar? !perdi o chip tamb√©m;
Um usu√°rio do Google;20 de junho de 2018;N√£o gostei;
Um usu√°rio do Google;15 de novembro de 2018;Nao consigo recarregar üòû;
Valdilene Ribeiro;23 de mar√ßo de 2019;Excelente,vai me ajudar muito com ted direto com a minha conta de investimento. transfer√™ncia r√°pida e simples.;
Cleide Rodrigues De Sousa;14 de junho de 2019;gostei muito foi muito pr√°tico navegar.;
Sueli Garcia;23 de junho de 2019;at√© o momento estou gostando, mas estou conhecendo agora;
Elenilson Candido da Silva;9 de outubro de 2019;Ok;
Alexandre F√©lix Santos;19 de junho de 2018;Muito Bom.;
WELLITON YURY;27 de mar√ßo de 2019;EU REMOVIR O CARTAO DA TELA INICIAL E AGORA NAO QUER APARECER MAIS;
Tamara Batista;29 de mar√ßo de 2019;Uma estrela por que estou tentando fazer o cadastro para solicitar o meu, mais n√£o reconhece o email. da erro.;
I'm Panda;19 de junho de 2018;N√£o termina o cadastro, na hora q vai colocar o estado n√£o aparece os nomes. E sempre da erro;
dr.jekyll Hayden;21 de julho de 2019;Eu fiz a conta ponho meu cpf e minha senha e aparece que deu um problema e nao abre a conta o que esta acontecendo?;
YT GAMYER HOVERYOK;7 de agosto de 2019;Boa;
Um usu√°rio do Google;28 de dezembro de 2018;o codigo de ativa√ß√£o da conta n√£o chega o que fa√ßo?;
JP LIMA;13 de agosto de 2019;T√° de parab√©ns, excelente!!!;
Wanderson Reis;7 de outubro de 2019;Muito bom recomendo;
Um usu√°rio do Google;5 de janeiro de 2019;pensei que vinha limite feito cart√£o de cr√©dito normal...;
J√∫nior Oliveira;30 de julho de 2019;a proposta √© ter praticidade, entretanto n√£o h√° como recarregar on line, na era digital vc precisar ir a um endere√ßo fisico para fazer recarga, √© como andar na contra m√£o. dei pra minha filha cart√£o pre pago da Ipiranga, recarrego on line, gero boleto e pago bankline tudo pelo celular.. √© uma sugest‚Ä¶;
Ivan Gomes;14 de mar√ßo de 2019;top;
XmochileiroX O famoso;27 de agosto de 2019;Praticidade. Facilidade;
TutoVid PY;10 de julho de 2018;App nao sai da tela inicial;
Rubens Vianna;24 de maio de 2019;R√°pido, pr√°tico e eficiente.;
Dhaeyh;4 de setembro de 2019;E quanto a recargas? S√≥ disponibiliza duas op√ßoes, Bradesco Express ou via Ted. E como vou fazer via Ted? Nem todo mundo tem o Bradesco Din, sou correntista do Bradesco, quero transferir da minha c/c pra o Bradesco Din, e ai? Vcs nao disponibilizam a op√ßao de gerar boleto pra realizarmos as recargas‚Ä¶;
Tatiane Sampaio;5 de setembro de 2019;Muito bom;
Marcio Garcia;10 de setembro de 2019;Excelente Recomendo;
Um usu√°rio do Google;31 de mar√ßo de 2019;Muito bom consigo tudo r√°pido e tenho de meus gastos na palma da m√£o √≥timo aplicativo meus parab√©ns aos criadores;
Felipe chagas;4 de setembro de 2018;Por favor coloquem a op√ß√£o de imprimir boleto pra botar dinheiro na conta;
Jesse Ferreira;23 de julho de 2019;quero abrir uma conta meus dados esta tudo certo mais ta falando que ta incorreto como fa√ßo ??;
Joana Darc;7 de agosto de 2018;Pura engana√ß√£o e roubalheira, j√° transferi 40,00 reais e nada caiu, ainda por cima o extrato da transfer√™ncia some da minha conta, como se eu nunca tivesse feito nenhuma transfer√™ncia. Fujam! S√≥ dor de cabe√ßa.;
Leandro Machado;10 de mar√ßo de 2019;bom d+;
wesley macedo;15 de julho de 2018;Muito ruim n√£o baixem;
Anderson Pessanha;9 de outubro de 2019;√ìtimo;
Erisvan Bombeiro;2 de maio de 2019;Top, top, e eu esquentando a cabe√ßa pra recarregar, s√≥ consegui com a conta corrente ativa e pelo aplicativo...Consegui reservar uma caminhonete na localiza. Recomendo üòÄ;
Ivanildo David;14 de setembro de 2019;Dificuldade imensa de carregar. Poderia ser mais f√°cil;
Caio Amaro;19 de junho de 2018;O app n√£o cadastra meus dados nem o site :( e t√° tudo certinho. Conferi umas mil vzs...;
Eduardo Paiva;1 de agosto de 2019;√ìtimo..... recomendo!;
Um usu√°rio do Google;17 de junho de 2018;o aplicativo s√≥ fica constando erros nos dados cadastrais, j√° alterei tudo, coloquei tudo correto, por√©m at√© agora sem nenhuma solu√ß√£o;
Jose Pinduca;8 de abril de 2019;nao tem a op√ßao de recarega po boleto na seve pra mim resouva isso;
Edivaldo Junior;24 de dezembro de 2018;O que √© isso? To Comprando Itens Em Jogos Online...os Itens N√£o Chega mais o Dinheiro do cart√£o √© descontado!!!se nao ne responderem Vou Processar V√©i Namoral;
JOSE RENATO DE PAULA;27 de julho de 2019;Pratico e ultil...;
Jandison Silva;14 de julho de 2018;Bom gente eu fiz o meu cadastro no mesmo dia eles gerou o boleto eu paguei no outro dia indentificaram o pagamento, o mesmo se encontra em produ√ß√£o agora s√≥ aguardar ele chegar da√≠ d√≥i cinco estrelinhas...s√≥ irei da mais estrelinhas quando meu cart√£o chegar;
rogerio marques de melo;15 de julho de 2019;bom muito bom;
Stepherson R;5 de janeiro de 2019;eu fico triste demais em estalar um aplicativo do bradesco de cartao pr√© pago ,pois ocorreu um erro de eu n√£o lembrar a senha e fui verificar o icone indica√ß√£o para clicar para redefinir senha e nao encontrei ,apenas aparece a opcao manter logado por isso nao posso elogiar esse aplicativo que seria ‚Ä¶;
Gabriel Chaves;6 de agosto de 2018;J√° tem mais de um m√™s que pedi o cart√£o, ja cobraram a taxa mensal e nada de chegar, n√£o recomendo;
MARIO FRANCISCO NAZARENO;31 de julho de 2019;Fiz uma transfer√™ncia da minha conta para o Cart√£o o Valor n√£o foi creditado liguei no auto atendimento do BRADESCO DIN n√£o me deram resposta mandaram eu entra em contato com a Central do BRADESCO n√£o souberam me explicar em fim pediram pra mim aguardar e emviar c√≥pias de todos os meus documentos pa‚Ä¶;
Luciana Gui;21 de maio de 2019;Simples e pratico. Amei.;
Andr√© Luiz;12 de julho de 2019;bom;
Sandra Santos;12 de outubro de 2019;Quero cancelar a conta, e n t√¥ conseguindo ligo n atente, e n tem op√ß√£o de desativar a conta no App.;
Hildebrando dos Santos Filho;19 de agosto de 2018;Ainda n√£o descobri como se carrega o cart√£o! Deveria ser pelo app, mas pelo visto, s√≥ deveria.;
Um usu√°rio do Google;2 de outubro de 2018;N√£o est√° vindo o c√≥digo pra cadastrar a conta.;
Marcelo Becil;11 de fevereiro de 2019;N√£o consigo emitir o cartao em nome de meu filho para tranferir sua mesada;
Artur Sousa;11 de mar√ßo de 2019;O aplicativo muitas vezes falha ao conectar, tirando isso, o app √© bom. Quanto ao cart√£o, nao vale a pena se voc√™ n√£o for cliente Bradesco, devido asy in√∫meras dificuldades pra se carregar o cart√£o. Vale a pena procurar alternativas.;
Tiago Lopes;29 de maio de 2019;bom de mais;
washington ferreira;11 de julho de 2018;Sinceramente a proposta √© boa mas falta compet√™ncia de outro lado s√≥ o fato de n√£o conseguir carregar o cart√£o isso √© rid√≠culo;
ARTUR VOT;21 de setembro de 2019;R√°pido..e pr√°tico..;
Wesley Nascimento;3 de maio de 2019;bom;
Thamaris Gabrielly;6 de julho de 2018;Ele serve como poupan√ßa?;
Lara Gomes;8 de agosto de 2018;Fiz uma recarga atrav√©s da minha conta corrente n√£o saiu houve estorno hoje fiz outra e ainda n√£o consta no cart√£o imagina vc viajar pra Europa contando com esse cart√£o. Vou ter q lavar pratos pra pagar o restaurante.;
Um usu√°rio do Google;14 de mar√ßo de 2019;otimo indispensavel. otimo, muito bom e pratico, indispensavel.por favor me enviem via email 2a. via do boleto para pagamento da emissao do cartao.;
Big Dog;13 de agosto de 2019;Al√©m de ser pr√© pago ainda tem que pagar a emiss√£o;
hioque hioque;7 de julho de 2019;excelente;
mateuzin;30 de setembro de 2019;Otimo;
Elbinha Soares;3 de julho de 2019;ontimo;
JOSE DELIVAL;4 de abril de 2019;√ìtimo;
jogos mobiles legends;5 de outubro de 2018;Horr√≠vel;
Lailton do Ros√°rio Santos;9 de mar√ßo de 2019;Muito contente com o cart√£o üí≥ sem quase nada de taxa, esse eu dou nota üîü!!!;
OSCAR PEREIRA;3 de outubro de 2018;N√£o consegui estrar coloco o CPF a senha mais vai entrar e fica do mesmo jeito;
Amanda Esterfany;21 de junho de 2018;App fica travando e n√£o d√° pra pedir cart√£o;
Myverton Santana;28 de dezembro de 2018;Boa tarde gostaria de tirar uma d√∫vida eu pagando o boleto o cart√£o quando for desbloqueado j√° vai ter limite para uso ou ele e igual a um chip para utilizar tem q colocar cr√©dito?;
Daniel Silva Lima;13 de junho de 2019;√ìtimo;
Mc Tonh√£o;27 de junho de 2018;Sempre ocorre erro nos servidores.;
Henrique Ferreira;5 de fevereiro de 2019;Autentica√ß√£o n√£o funciona, o c√≥digo via SMS nunca chega! üôÑüòë;
William Ribeiro da Silva;22 de junho de 2018;P√©ssimo app... Pra fazer o cadastro tudo bem, pra pagar o boleto (s√≥ consegue o c√≥d de barras pq o boleto n√£o aparece) tudo bem, depois esquece, n√£o consegue mais acessar o app... S√≥ conex√£o expirou;
Anderson Teixeira;7 de dezembro de 2018;N√£o estou conseguindo abrir uma conta resolvam isso;
CLUB MIX;18 de junho de 2018;√â melhor ir na ag√™ncia, cuidado as o colocar seus dados em app n√£o muito confi√°vel.;
ROBERTO MENEZES;18 de julho de 2018;J√° paguei o cart√£o e at√© agora continua pagamento pendente!!;
Um usu√°rio do Google;16 de janeiro de 2019;N√£o consigo realizar uma transfer√™ncia ! O saldo nunca atualiza .. falta suporte !;
Jet Games;27 de junho de 2018;Depois que adquiri o cart√£o e consto o boleto, o app n√£o abre mais toda hora da sess√£o expirada j√° no login.;
Jose Romeu;1 de junho de 2019;Parab√©ns. Muito bom. Eu recomendo;
Carolina Galv;17 de setembro de 2018;Que aplicativo horr√≠vel n√£o carrega, demora um s√©culo para conseguir entrar isso no wi fi imagino 3g,4g..;
Aloir Alvesdeoliveita;10 de setembro de 2019;Gostei e rapido e faceu obrigado;
Um usu√°rio do Google;28 de dezembro de 2018;quando pedi pra mim pedi cart√£o Ele fica dando erro endireita isso ou me ajudar nao estou conseguindo fazer o meu cart√£o;
C√©sar Affonso;28 de setembro de 2019;√â bom... Por√©m at√© hoje tenho n√£o consegui fazer um Deposito na Conta para Utilizar Cart√£o. Deveria todos Terminal Expesso Bradesco, ter Orienta√ß√£o os Atendetes para Efetuar o Devido Deposito na Conta... Fico triste por Falar Esta Verdade... Vou perder conta por n√£o Conseguir Fazer o Deposito....;
Mario Pereira;22 de junho de 2019;adorei;
TijloloMu;14 de setembro de 2019;Excelente;
Gabriel Dias;22 de junho de 2018;N√£o consigo logar no app. Aparece que a sess√£o est√° expirada;
Leonardo Da Cruz;13 de setembro de 2019;Muito bom;
Um usu√°rio do Google;11 de mar√ßo de 2019;otima!;
Marcelo Costa;21 de mar√ßo de 2019;muito bom;
fernando silva;16 de setembro de 2018;S√≥ mostra carregando mas n√£o entra;
Z√© Paraibuna;16 de setembro de 2018;N√£o consigo fazer login. √â uma briga com o app.;
Raquel Keijock A Santos;19 de junho de 2019;bem r√°pido e pr√°tico. vamos ver o andamento do pedido que fiz.;
Um usu√°rio do Google;16 de julho de 2018;N√£o consegui efetuar login pois n√£o consigo confirmar a aceita√ß√£o dos termos, quando Clico volta tudo pra visualizar a p√°gina dos termos;
Gleison Thomaz;28 de dezembro de 2018;n√£o perca seu tempo adiquirindo esse cart√£o, eles descontaram 150 reais da minha conta e agora est√£o enrolando para fazer o estorno do dinheiro! fora o atendimendo vc ligar la e s√≥ meninas sem educa√ß√£o!;
Marksant Milion√°rio;16 de setembro de 2019;Excelente;
EDSON RICARDO ROCHA;19 de mar√ßo de 2019;gostei;
Geraldo Oliveira Neto;6 de dezembro de 2018;N√£o consiguir cadastrar o meu cart√£o que tenho s√≥ tem op√ß√£o de pedir ele;
uMichel;13 de maio de 2019;r√°pido e f√°cil de pedir;
Marcos Temoteo Souza;5 de julho de 2019;Estou muito satisfeito;
Wellington Frotas;17 de setembro de 2018;Nem sempre consigo acessar o aplicativo muito ruim deveriam melhorar;
Yasmim krystell;28 de mar√ßo de 2019;bom;
eliane ferreira;24 de abril de 2019;at√© que fim consegui um cart√£o pre pago bradesco;
Eberson Hernandorena;11 de setembro de 2019;Otimo;
Eder Roberto Feital de Oliveira;30 de junho de 2018;Fiz pedido dia 20/6, aparece pago, liberado e em produ√ß√£o desde essa data. Ser√° que recebo ainda esse ano de 2018 ou ser√° nunca?;
pavzo marcus;16 de mar√ßo de 2019;muito bom !;
Jomarca Junior;24 de junho de 2019;bom demais para usar;
Um usu√°rio do Google;16 de mar√ßo de 2019;otimo muito bom;
Nilton barbosa;14 de setembro de 2018;o app e bom mais seria melhor se tivesse a opcao de recarregar a conta via boleto e mais pratico do que ter ir na agencia do bradesco fica aqui essa sugestao abraco;
Um usu√°rio do Google;25 de julho de 2018;O cart√£o n√£o funciona em servi√ßos como o Uber e o app n√£o mostra como fazer carrega. Quando tentei fazer pelo aplicativo do Bradesco para correntista, n√£o consegui porque a op√ß√£o de recarregar o pr√© pago est√° bloqueada. Por isso dei 2 estrelas.;
FELIPE ROBERTO;21 de junho de 2018;N√£o consigo fazer meu cadastro quando eu conseguir e usar o app eu dou mais estrela;
Adriano Lopes;24 de mar√ßo de 2019;Gostei da interatividade, facil e pratico de usar.;
Daniel Silva dos anjos;17 de setembro de 2018;App muito lento!!!;
Catarinasolange de noronha;4 de agosto de 2019;E muito bom o cart√£o Din;
atra√ß√£o dos desejos;19 de setembro de 2018;√ìtimo aplicativo funciona corretamente;
adriane sousa trindade;2 de agosto de 2019;muito bom;
Rayane Ferreira;19 de setembro de 2019;Foi muito bom;
Jose Bea;25 de setembro de 2019;Amei;
caique santana da silva;22 de outubro de 2019;Problema resolvido eu entrei no app falta agora so pedir o cart√£o;
Marcos Medeiros;24 de dezembro de 2018;Poderia ter a op√ß√£o de salvar o n√∫mero do cart√£o na conta do Bradesco para agilizar transfer√™ncias.;
Roberto roldon;21 de junho de 2018;Nunca carrega;
Um usu√°rio do Google;21 de mar√ßo de 2019;√≥tima;
Um usu√°rio do Google;9 de mar√ßo de 2019;Pr√°tico e eficiente, s√≥ faltou poder carregar nas ag√™ncias Bradesco;
Iracui Siqueira;16 de julho de 2018;Quando tento gerar o boleto em pdf o app reinicia sozinho e pede para colocar novamente meu cpf e senha. Looping infinito;
Leonardo Mendes;3 de outubro de 2018;O app naonengra criei a conta mas nao da pra entrar carrega e para;
Felipe Henz;29 de agosto de 2018;MUITO CUIDADO! NAO ACEITA A MAIORIA DOS ESTABELECIMENTOS. TRANFERENCIA PARA A CONTA NAO FUNCIONA O TED DELES √â 2 DIAS UTEIS NAO TEM COMO PAGAR CONTAS. NAO ACEITA TRASNFERIR PARA OUTRO PREPAGO DE MESMO BANDEIRA.;
GLAMOUR TOTAL;6 de abril de 2019;√≥tima Muito Bom;
Lucas Jesus;6 de setembro de 2019;√ìtimo recomendo;
albertofelix Felix;25 de mar√ßo de 2019;Bom;
devanir teixeira silva deva;1 de fevereiro de 2019;Em se tratando de uma empresa Bradesco, pensei que estaria adquirindo o melhor cart√£o pr√© pago do Brasil. Espero que melhore. Se n√£o estou conseguindo nem pagar pelo cart√£o, imagina us√°-lo...?;
pr.Jos√© Machado;17 de julho de 2019;blz,costei;
Leandro Brugnaro;19 de janeiro de 2019;Suporte p√©ssimo!;
Donaldson Marques;4 de maio de 2019;1000 bom;
Josias Farias;19 de junho de 2018;Fiz o cadastro ,pedi o cart√£o, mas estou tentando achar uma vantagem em ter um cart√£o pr√© pago onde ,s√≥ tem tarifas na utiliza√ß√£o do mesmo ..;
Robson Freitas;7 de abril de 2019;muito bom mesmo eu recomendo a todos üòç;
Edezio Neto;11 de outubro de 2019;Faze esperimental.....;
Um usu√°rio do Google;15 de mar√ßo de 2019;como fa√ßo pra cancelar a minha conta o meu cart√£o?n√£o quero mais o cart√£o pois √© d√©bito,debito eu j√° tenho 3 cart√µes..n√£o envie o cart√£o pois n√£o vou aceitar vai voltar de volta..Ok obrigado;
Deyse Franco;8 de junho de 2019;muito bom;
rodrigo alves ferreira;9 de janeiro de 2019;agora estou muito satisfeito;
ALE SILVA;20 de agosto de 2018;Cancelei s√≥ paguei pelo cart√£o palha√ßada desse Bradesco nenhum suporte pode isso lixo de cart√£o .sai e n√£o indico pra ningu√©m tem outros cart√µes que s√£o gratuitos ...;
Josimar Kueiroz;19 de abril de 2019;üòÄüòÄüòÄ;
Jessica Souza;20 de mar√ßo de 2019;muito bom gostei;
Ademir Fernandes;25 de outubro de 2019;Pratico e srguro;
Casleu Souza;2 de novembro de 2018;Fiz a solicita√ß√£o do cart√£o,paguei a taxa e ate hoje n√£o chegou. Quero meu reembolso.;
neneberlin wertaberlin;7 de julho de 2019;app nao agradou, s√≥ √© poss√≠vel recarregar atrav√©s de uma conta corrente do Bradesco.;
Isaias Oliveira;22 de outubro de 2018;√ìtimo Satisfa√ß√£o total Maravilhoso S√≥ deveria ter um limite maior por m√™s 3.000,00 √© muito pouco Mais t√¥ gostando F√°cil de usar Chegou r√°pido F√°cil de pagar tamb√©m em todo Bradesco Se tivesse uma op√ß√£o de boleto tamb√©m dava certo;
Charles Batista;5 de agosto de 2018;Que pena que nao tem a funsao de recaregar no boleto iso deicha as pesoas preza a ter uma conta no bradesco;
Luciano Vale;26 de dezembro de 2018;Paguei boleto e cart√£o chegou em 15 dias. passados mais de 6 meses continuo sem poder usar pois em.nenhum dos dois bradesco expresso de minha cidade fazem recarga alegando nao existir est√° op√ß√£o no sistema deles. absurdo. Enfim ap√≥s 6 meses consegui recarregar, fui a um bradesco expresso e fiz eles ‚Ä¶;
Waldo Angel;28 de dezembro de 2018;√â pessimo o servi√ßo, eu envio a transferencia e volta p meu banco, nao presta, por isso q voltei a usar o pre pago da pagseguro...Vou abrir uma denuncia contra esse app para ser retirado da play store...;
Um usu√°rio do Google;11 de mar√ßo de 2019;Muito bom;
Um usu√°rio do Google;13 de mar√ßo de 2019;n√£o gostei!!! porque estou tentando gerar boleto para recarregar o cart√£o no pr√≥prio aplicativo. e ele n√£o tem esta op√ß√£o de recarregar!!! por isso estou at√© pensando em cancelar o cart√£o.;
Paulo Guidi de Barros;17 de junho de 2019;√≥timo;
Evanara Paix√£o;6 de agosto de 2019;Otimo app;
Um usu√°rio do Google;22 de junho de 2018;Muitas falhas, faz o logout sozinho, sem falar no incoveniente de digitar o CPF em todos os acessos. N√£o podia j√° deixar gravado os dados no login? Creio que seja um erro prim√°rio. J√° fiz o pagamento h√° 2 dias e ainda consta como pendente o pagamento. √â um app bem inst√°vel pra ter o selo Bradesc‚Ä¶;
Jose Roberto muniz;12 de outubro de 2019;O aplicativo √© bom s√≥ que imposs√≠vel fazer recarga. Lugar nenhum no Rio de Janeiro sabe. Correspondentes Bradesco, Casas Bahia e Supermercado Extra.;
D√°rio Trindade;17 de dezembro de 2018;P√©ssimo. N√£o presta! O Bradesco simplesmente n√£o confirma a conta como promete por SMS e faz voc√™ ficar esperando e tentando feito um idiota. Se n√£o querem trabalhar com cart√£o pr√© pago, n√£o prometam o servi√ßo!;
Elizeu Silva;24 de outubro de 2018;Nao recebi o sms de confirma√ß√£o, como fa√ßo para conferir o n√∫mero do celular?;
Um usu√°rio do Google;12 de mar√ßo de 2019;muito boa;
Eliana Eliana;30 de dezembro de 2018;dificuldade para recarregar √© insustent√°vel.;
Um usu√°rio do Google;28 de mar√ßo de 2019;quando √© que vai chega o cart√£o din;
inaildes da cruz santos;15 de outubro de 2018;N√£o sei kkk;
Paulo Cezar Lima Santos;28 de outubro de 2019;Foi r√°pido e eficaz;
Raimundo Antonio Rodrigues de Carvalho Rodrigues;3 de maio de 2019;legal;
Emerson Costa;5 de julho de 2018;O app j√° √© p√©ssimo, sempre pede para colocar CPF e senha, n√£o possui muitas informa√ß√µes. Mas o cart√£o √© pior, n√£o tem usar no Uber, Spotify ou Netflix. At√© um cart√£o de d√©bito √© melhor que esse cart√£o. N√£o percam dinheiro com esse cart√£o, tem outros pr√© pagos melhor que esse.;
M√°rcio Glebson;21 de fevereiro de 2019;Muito bom! Excelente!;
Geska Oliveira;16 de setembro de 2019;Excelente aplicativo dou 5 estrelas;
cr7 cr7;16 de julho de 2019;melhor app de cart√£o pr√©-pago;
Criat√≥rio Casa Das Aves;19 de maio de 2019;Muito bom o app , parab√©ns...;
Antonio Edvar De Sousa;28 de mar√ßo de 2019;. fiz pedido deu tudo certo!!! em vez de um cart√£o veio 2 Bradesco Din da copa e outro Din desse vermelho normal at√© a√≠ tudo certo s√≥ n√£o dou mais uma estrela porque n√£o pode fazer assinatura ü§î mais enguanto a isto ta tudo certo obrigado BRADESCO DIN??;
Gabriel O R N O T;26 de abril de 2019;show!!;
Alexandre Kishimoto;15 de mar√ßo de 2019;muito complicado de usar. n√£o facilitam nada para n√£o correntistas. no suporte dizem para fazer recarga no caixa, no menu do caixa n√£o tem op√ß√£o para recarga. no app nenhuma informa√ß√£o de como fazer a recarga. na ag√™ncia, caixa, atendimento ninguem sabe informar como recarregar! at√© perguntam o que ‚Ä¶;
Cirino Bandeira;19 de junho de 2018;Um lixo, n√£o consegui nem me cadastrar !;
Um usu√°rio do Google;28 de janeiro de 2019;n√£o tem utilidade nenhuma...n√£o consigo fazer nada;
Ricardo Alexandre;3 de setembro de 2018;Fico feliz por voc√™s da mais um voto de confian√ßa;
Charles Santos;15 de mar√ßo de 2019;legal;
THAMIRIS RODRIGUES;10 de setembro de 2019;Otimo app;
marco perini;23 de julho de 2018;Bom gente por enquanto minha experi√™ncia com o APP est√° sendo pessima acabei de ligar na central de atendimento Bradesco pr√© pago e devido a erros no aplicativo fiquei no preju√≠zo tempor√°rio de 50 reais e n√£o deram prazo para resolver meu problema;
lindinaldo souza;3 de agosto de 2019;e goste;
Rogerio De Salles;12 de julho de 2018;A propaganda informa que poder√° ser usado como cart√£o para mesada mais ‚ûï n√£o tem op√ß√£o de pedi cart√£o com nome da pessoa que vai receber a mesada, como vou da um cart√£o para mesada em meu nome...;
Sergio Nicola Boguta;22 de outubro de 2019;√ìtimo atendimento com facilidade;
Irailma Moura;30 de mar√ßo de 2019;Muito bom!;
Daniel Braga;10 de setembro de 2019;Muito pr√°tico, seguro e v√°rias funcionalidades! Recomendo fortemente a Bradesco DIN.;
Um usu√°rio do Google;28 de setembro de 2018;Precisando de um cart√£o pre pago? Esque√ßa o Bradesco DIM! No App diz que o cart√£o estar em produ√ß√£o. Estou aguardando h√° quase 2 meses e nada! Mas quando chegar, se chegar eu cancelo! Falta de respeito danada. Indico e Recomendo: Brasil Pre Pagos;
Junior Siqueira;7 de novembro de 2018;App n√£o abre s√≥ fica travado e ao fazer recarga da claro n√£o aceita o cart√£o;
Mario Anjos;11 de outubro de 2018;Muito bom;
Ligiane Silva;18 de julho de 2019;√â √≥timo r√°pido pra facilitar a vida dos Brasileiros vou indicar pra meus amigos e familiares;
Moises de Jesus;28 de julho de 2019;muito bom, me ajuda demais;
Patricia Amaral;22 de mar√ßo de 2019;Bom;
gris silva;23 de junho de 2019;amei;
Paulo S√©rgio Alves;24 de mar√ßo de 2019;Muito f√°cil de utilizar, intuitivo e de navega√ß√£o agrad√°vel.;
Julimar Silva Chagas;29 de setembro de 2019;Muito bom;
lethicia ferreira;1 de agosto de 2018;√â imposs√≠vel finaliza o cadastro n√£o mostra a op√ß√£o de aceita os termos e condi√ß√£o ja li tudo o termo e n√£o mostra nada esse App est√° p√©ssimo arrumem isso dai;
Kaline St√©fani;17 de setembro de 2019;√ìtimo;
Jo√£o De Campos;4 de agosto de 2019;8834 37478 4556;
Hidracor Deline;1 de agosto de 2019;Bom D+;
eliane ferreira lima;15 de mar√ßo de 2019;bom, √≥timo.;
Reginaldo Gomes;25 de outubro de 2019;Bom;
Joleno Silva;12 de julho de 2019;algu√©m me tira uma d√∫vida esse cart√£o pr√© pago n√£o parcela,, por exemplo se eu fizer uma compra no valor de 500,00 no m√™s seguinte tenho que pagar o valor de 500,00 Rs de uma s√≥ vez???;
Geraldo Gonzalez;18 de outubro de 2019;√ìtima;
Um usu√°rio do Google;29 de mar√ßo de 2019;√≥timo;
Adrielly Rodrigues;15 de abril de 2019;muito BOM;
Carla Bento;2 de outubro de 2019;Bom;
Dione Soares;11 de agosto de 2018;O meu tamb√©m n√£o carrega merece uma nota zero parece brincadeira;
Pr. Andr√© Cunha;20 de junho de 2018;N√£o estou conseguindo ficar logado. Quando entro no app √© vou fazer as solicita√ß√µes ele encerra a sess√£o. Informa que o tempo expirou. Isso acontece em poucos segundos.;
Depes Silvestre;27 de abril de 2019;otimo;
Daniara Ferreira;7 de agosto de 2019;√≥timo;
Um usu√°rio do Google;28 de mar√ßo de 2019;bom;
Ana Gabriela Alves De Oliveira;1 de maio de 2019;bom;
Janise Coutinho;29 de abril de 2019;r√°pido e f√°cil;
Valdirene Ribeiro;27 de outubro de 2019;Me senti enganada,pois numa parte da propaganda no Face falaram que era cart√£o de cr√©dito pra negativado e vinga com 1800 reais de cr√©dito,n√£o pr√© pago üò°üò°üò°;
Davi live Santos;22 de maio de 2019;Muito bom r√°pido e sem muita burocracia parab√©ns;
Emilio Carlos de Oliveira Perezini I;5 de julho de 2019;Precisa Melhorar, deveria ter a op√ß√£o de recarga por bolheto banc√°rio e transfer√™ncia direta de outros bancos para o cart√£o de cr√©dito! Ou a op√ß√£o de fazer recarga no cart√£o pelos caixas eletr√¥nicos do Bradesco!;
Fabio canarinho Santos Almeida;5 de julho de 2018;E no. E n e;
Fernandes Ferdnan;4 de setembro de 2019;app excelente;
Fatima Moebus;30 de julho de 2019;otimo;
Rayane Santos;19 de junho de 2019;muito bom platico amei.;
Jean Pierre;14 de novembro de 2018;Testando...;
Rafael Levi;14 de maio de 2019;Estou aguardando o meu cart√£o chegar. esta na fase de emiss√£o. onde fa√ßo recargas?;
Luzia Luzia;30 de julho de 2019;melhor;
MAX JMS;2 de outubro de 2018;O codigo de autentica√ß√£o n√£o est√° chegando;
TROPA DE ELITE REAL;29 de junho de 2019;Tenho 15 anos e estava tentando fazer um cartao, botei minhas informa√ß√µes e est√° dando que os dados estao incorretos, nao sei como porque tenho os dados na mao aqui e nao esta dando. Entao queria pedir a voces que me ajudem com esse problema;
Lara Amorim;26 de abril de 2019;√≥timo;
Felipe Silveira;4 de julho de 2018;Pra quem n√£o conseguir acessar o PDF, de uma olhada nas permiss√µes do aplicativo. Passei pelo msm problema e resolvi desta forma. Permitindo tudo. Agora, tem 12 dias que paguei o boleto e n√£o chegou. Dizem que o prazo √© at√© 20 dias. Estou esperando..;
Um usu√°rio do Google;21 de mar√ßo de 2019;muito bom;
Naldo N;25 de maio de 2019;Ainda nem usei;
kaio guerra;18 de abril de 2019;√≥timo aplicativo!;
Hiago Silva;22 de junho de 2018;N√£o est√° fazendo login. Cadastrei e paguei a taxa de emiss√£o do cart√£o e agora n√£o consigo mais acessar a conta;
daniel alves;24 de setembro de 2019;P√©ssima escolha tem que pagar pra ter o cart√£o nunca;
Potatos Go „ÉÑ;11 de mar√ßo de 2019;Topüëå;
Duda Campos;3 de abril de 2019;Falta muita informa√ß√£o n√£o s√≥ no aplicativo mas no site quando a gente faz esse cart√£o, tenho n√£o faz nem um ano e o leitor ficou ruim, a segunda via era 20,00 por√©m preferi pagar 9,70 de taxa pra transfer√™ncia que no aplicativo diz que √© 00,00 a taxa.;
Julio Cesar;22 de junho de 2018;Baixei o aplicativo at√© a√≠ TD bem fiz cadastro depois pedi o cart√£o pedi dois um desse da copa e um din, a√≠ chegaram os boletos para que possa paga, mais √∫nico erro agora √© que entro e diz q minha sess√£o expirou, ei Bradesco resolve isso a√≠, galera quem ver esse coment√°rio a√≠ me confirmem se vcs ‚Ä¶;
Edson Silva Araujo de Carvalho Silva;5 de setembro de 2019;Quando utilizar farei uma avalia√ß√£o mais coerente;
Um usu√°rio do Google;9 de novembro de 2018;N√£o tem reconhecimento de digital e ao salvar o login este ocorre erro ao efetuar um novo acesso necessitando digitar novamente;
Ulisses Cerqueira;21 de abril de 2019;excelente;
Gabriel costa;9 de novembro de 2018;Mesmo salvando os dados, toda vez que entro no app tenho digitar os dados! üò†;
Guilherme Regueiro;26 de junho de 2018;O aplicativo n√£o gera o boleto para pagar o 1o envio do cart√£o;
Samuel Carneiro Alfaia;28 de agosto de 2019;√ìtimo!;
MANIA DA BIA BIA;19 de abril de 2019;otimo;
Sanderson Ribeiro;22 de junho de 2018;N√£o consigo fazer nada, fiz o cadastro, ped√≠ o cart√£o, efetuei o pagamento, s√≥ que agora o app mal abre e j√° d√° a mensagem de sess√£o expirada, corrijam isso urgentemente, pois aparentemente n√£o sou o √∫nico que est√° enfrentando esse mesmo problema.;
Marilda Carvalho;5 de junho de 2019;N√£o posso avaliar como positivo, pois desde o dia 22/05/2019 que solicitei o cart√£o fiz o pagamento para emiss√£o do cart√£o, mas at√© a presente data n√£o chegou no meu endere√ßo e est√° tudo indispon√≠vel no Aplicativo.;
WillMenSilva;29 de julho de 2019;Funciona bem.;
lucio marcos ribeiro barboza;17 de junho de 2018;Paguei o boleto e n√£o recebi cart√£o;
Flavio Amaral;7 de maio de 2019;quando eu abro o App aparece um n√∫mero diferente do meu cart√£o, com o status ( Extravio);
Clausio Sousa;17 de junho de 2019;otimo;
Itamar Ferreira;20 de agosto de 2019;√ìtimo esse app.;
Um usu√°rio do Google;3 de janeiro de 2019;Ol√° fiz todo o prosseguimento e na hora de pagar o boleto n√£o consigo paga ligo no bradesco e me falar pra aguarda uma coisa simples e estou aguardando assim que resolver avalio com nota melhor;
Vando Ferreira;9 de agosto de 2019;Recebi meu cartao hoje e ja fquei puto porque para carregar tive que ir no banco Bradesco e quando cheguei la nem a propria mulher que atendia sabia do cartao, fiquei uns 5 minutos discuttindo com ela dizendo que queria fazer uma recarga e ela insistia em dizer que nao podia fazer recarga porque a‚Ä¶;
tamyres muniz;16 de maio de 2019;√≥timo;
MARCVS AVRELIVS;3 de abril de 2019;O app. e o site devem ser compat√≠veis.;
RODRIGO VENTURA ANDRADE;9 de mar√ßo de 2019;top;
Jefferson Sousa Lopes;13 de abril de 2019;muito bom!!;
Renato Yuki;29 de julho de 2019;achei bastante seguro;
Solange Cavalcante;16 de julho de 2019;otima!!!;
Fabr√≠cio Barbosa;6 de setembro de 2019;Perfeito!;
Um usu√°rio do Google;14 de mar√ßo de 2019;otimo pratico;
Deise Rodrigo;4 de agosto de 2019;Sem complica√ß√µes!;
Geraldo Santos;27 de julho de 2019;√≥timo.;
Leandro Cesar;21 de junho de 2018;N√£o consigo entrar no app, assim que loga manda a mensagem de sess√£o expirada e redireciona para logar de novo. üòíüò§;
maria nalessandra miranda gomes alessandra;21 de junho de 2019;gostei maisaietia um cart√£o dr cr√©dito;
sheila brito;23 de julho de 2018;N√£o fa√ßam, fiz uma transfer√™ncia da minha conta para o cart√£o, mais at√© agora n√£o entrou e o dinheiro saiu da minha conta e do pode fazer dep√≥sito no expresso Bradesco, n√£o sei aonde foi parar meu dinheiro;
Marcos Suel Barbosa;1 de abril de 2019;n√£o consigo mais acessar o aplicativo;
Janete Pego Dos Santos;14 de janeiro de 2019;fiz meu cadastro mas nao recebo o codigo de validacao e ai o que devo fazer?;
Um usu√°rio do Google;26 de outubro de 2018;Eu n√£o perco a conta corrente?;
Ronaldo Bugario;23 de abril de 2019;boa;
Um usu√°rio do Google;22 de outubro de 2018;N√£o gostei comprei o cart√£o e at√© hoje nada fui no banco Bradesco e ningu√©m me informou nada;
Matheus Araujo;24 de outubro de 2019;Ok;
Meirelem Nascimento;12 de julho de 2019;√≥timo;
Anderson Luiz;3 de novembro de 2018;Fecha toda hora e da sess√£o expirada simplesmente n√£o abre parou de funcionar;
Marco Souza;23 de outubro de 2019;Muito bom! Aceito em quase todo lugar!;
Um usu√°rio do Google;27 de mar√ßo de 2019;Atendeu as minhas expectativas.;
Roberto Cunha;11 de maio de 2019;Muito bom f√°cil manuseio, muito √∫til;
Bruno Tarcisio;20 de julho de 2018;LIXO! App p√©ssimo, lento e n√£o em biometria e n√£o grava senha. Impossivel recarrgar o cartao, nao funciona por nenhum canal. Paguei o cartao a toa. lixo;
Andr√© Ribeiro;20 de junho de 2018;n√£o consigo baixar o boleto. quando tento, o app fecha.;
Carlos Vitorio;22 de outubro de 2019;At√© agora legal. N√£o gostei de ter que pagar pra emitir o cart√£o.;
Diego Monteiro;7 de agosto de 2018;P√©ssimo, de que adianta um cart√£o que n√£o d√° pra carregar, fui em.diversos lugares do Bradesco Expresso e nada... Fiz transfer√™ncia pelo app do banco e nada... E o engra√ßado √© que o dinheiro some da sua conta e n√£o √© registrado no extrato. P√©ssimo;
V√°gner Silv√©rio;3 de julho de 2019;Pior cart√£o pr√©-pago j√° visto, e o aplicativo √© muito simples sem nenhuma funcionalidade al√©m de pagar boletos e efetuar transfer√™ncia. Esperava bem mais por ser um cart√£o do Bradesco, acabei cancelando definitivamente meu cart√£o e eu continuar utilizando meu pr√©-pago do Mercado Pago que √© bem mais ‚Ä¶;
Um usu√°rio do Google;11 de dezembro de 2018;N√£o T√¥ Conseguindo Comprar Coisas Em Sites e Em Jogos...Voc√™s Podem Me Explicar o Porqu√™?;
Andr√©a Fernandes;28 de janeiro de 2019;coloquei meu n√∫mero de celular errado e nao tem como alterar?;
jefferson bonfatti Ferreira;7 de agosto de 2018;Limite de movimenta√ß√£o √© muito baixo.;
Edgleson Batista;24 de abril de 2019;muito bom;
Fabio Teixeira;8 de outubro de 2019;Muito bom;
Antonio S;11 de julho de 2019;Pessoal,o bradesco din esta cobrando,R$9,70 para saque,,,,isso usando o propio banco bradesco,um roubo,,,,;
Aliny Mussato;26 de julho de 2019;muito bom;
Josianedapazsilva Sinha;24 de junho de 2019;bom e eficiente;
Lu√≠s Jaeger;1 de agosto de 2019;Deveria ter uma op√ß√£o de acesso mais f√°cil, sempre tenho bloqueado!;
Jonathan Alexsander;1 de maio de 2019;Muito bom. Eu queria saber como fa√ßo pra gerar boleto pra pessoa pagar e cair na minha conta do cart√£o! Tem essa op√ß√£o?;
Paulo Henrique;26 de outubro de 2019;Muito bom;
Doglas Inacio;28 de abril de 2019;bom;
Um usu√°rio do Google;25 de mar√ßo de 2019;esqueci minha senha e n√£o aparece a op√ß√£o de recupera√ß√£o de senha;
shurashunzo Arley;16 de novembro de 2018;Cart√£o n√£o tem serventia pq n√£o da pra cadastrar qndo o desconto √© mensal, s√≥ da pra comprar, tinha que ter fun√ß√£o para credita mensal...assim melhor usar o cart√£o Bradesco d√©bito mesmo;
Adriano Jos√© Pereira;22 de novembro de 2018;Seguindo as orienta√ß√µes dos desenvolvedores consegui resolver o problema de cadastro est√° funcionando tudo perfeito;
Princesa Fiona;22 de junho de 2018;N√£o funciona,voce entra e ja encerra.P√©ssimo app,nao facilita em nada a vida de quem usa muito a conta pelo celular.;
Julio C√©sar De Souza;11 de maio de 2019;muito bom;
Raka Lessa;18 de julho de 2019;√ìtimo... funciona perfeitamente;
extremo tutorial;11 de novembro de 2018;Melhor cart√£o de banco pr√© pago j√° feito;
Viviann Andrade;29 de mar√ßo de 2019;excelente;
Andre LuisFreitasLemos;22 de outubro de 2019;Simplesmente o melhor;
Lucio Caz√©;21 de julho de 2018;Fiz uma recarga direto da minha conta Bradesco e j√° tem uma hora no meu cart√£o pr√©-pago e n√£o caiu o dinheiro;
J Souza;22 de junho de 2018;Fiz o pagamento do boleto , e agora nao consigo mais acessar o App;
Laryssa Moreira Santos;13 de abril de 2019;Fiz o cadastro e o pedido do cart√£o, j√° nem possuo mais, estou tentando adquirir outro, mas no meu login, diz que meu limite pra adquirir j√° n√£o existe mais.., podem me ajudar?, estou precisando, j√° que nem minha conta consigo encerrar.üôÑüòê;
Eraldo farma;13 de agosto de 2019;pr√°tico e eficiente;
Paulo Renato Santos Rocha;15 de julho de 2018;Sensacional iniciativa do Bradesco.;
Josue Silva;17 de abril de 2019;muito bom de usar;
Victor Mascena Dos Santos;19 de junho de 2018;Para se tornar vi√°vel √© necess√°rio adicionar a capacidade de da receber recursos atrav√©s de TED vindo de outros bancos, por ora n√£o √© util;
Vinicius Alves;31 de agosto de 2019;Muito bom app;
Lucas Vieira;30 de agosto de 2019;Ponto negativo √© que n√£o da pra recarregar pelo app.;
Um usu√°rio do Google;15 de agosto de 2018;P√©ssimo nem quer abri;
Nicanor Santos;16 de mar√ßo de 2019;bom √≥timo;
Cleyton Santos;22 de dezembro de 2018;Gostei;
maria silvana;23 de junho de 2019;aplicativo bom e bem acess√≠vel;
Mario Moraes;9 de mar√ßo de 2019;pago dobrado por todas as compras online... suporte amador, "ah, apessoa respons√°vel por isso n√£o est√° no momento!!!" corram!!!;
danilson yamane;18 de setembro de 2019;√ìtimo;
Um usu√°rio do Google;29 de julho de 2018;Caramba solicitei achando que s√©ria √∫til, por√©m at√© o momento √© imposs√≠vel usar, fui no Expresso Bradesco √© falaram que n√£o h√° como carregar pois √© preciso ter Ag √© conta. Enfim concerte isso Banco Bradesco, permitam Dep√≥sito por .br boleto.;
kleberson freitas;16 de abril de 2019;Topa este cart√£o;
nosrefrej oliveira;25 de setembro de 2019;√ìtima op√ß√£o;
Um usu√°rio do Google;22 de outubro de 2018;Da erro no cadastro;
Rafael Pardim;19 de junho de 2018;Ele funciona como cr√©dito ou d√©bito?;
Kaio Geisson;23 de julho de 2019;queria saber se esse cartao e de credito ou debito ?? por favor;
Rodrigo Strauch;21 de julho de 2019;O aplicativo est√° dando erro ao efetuar o login, dizendo que o usu√°rio n√£o foi encontrado;
Eunice Maria Ferreira;28 de maio de 2019;Ruim, pois ap√≥s preencher o cadastro com sucesso n√£o consegui solicitar o cart√£o. Sempre aparecia a mensagem : "sem comunica√ß√£o com o servidor, tente mais tarde ...!" Uma pena ! N√£o recomendo ! Geraldo C√¢ndido Ferreira.;
jose ivan felipe de freitas;5 de agosto de 2019;bom;
Alex Sardinha Armond;29 de mar√ßo de 2019;pr√°tico;
Alex Menezes;10 de dezembro de 2018;Fiz o cadastro mas n√£o recebo o SMS com o c√≥digo de acesso... banquinho, s√≥ s√£o bons em cobrar tarifas....;
GRIPP ADVOGADOS;23 de agosto de 2019;Pessimo!!! Toda vez temos que digitar a cansavel e longa senha junto com o CPF, poderia ter a op√ß√£o de ficar salvo a senha...app √© assim!!! Fica na tela, quando clicamos √© obvio que tem que abrir!!! Senha s√≥ para opera√ß√µes financeiras!!! Ok??!! Arrume isso por favor!!!!;
valder campos;19 de novembro de 2018;N√£o consigo Mais acesso s√≥ App da esse d tentativa mas nem uzei;
Nivaldo Cavalcante;23 de outubro de 2019;Aplicativo simples e funcional, de f√°cil manuseio. Muito bom!;
Jefferson wash;1 de outubro de 2019;Boa noite e poss√≠vel parcelar as compras?;
Junior Silva;24 de abril de 2019;esse app do bradesco din ja tentei varias vezes redefinir nova senha que esquueci a minha nunca dar certo;
Genildo Jos√© Da Silva;28 de abril de 2019;gostei muito do banco Bradesco;
wagner elias david;14 de maio de 2019;bom dia troquei de celular e nai lembro minha senha pois tem oiutro n√∫mero gravado no cadastro;
Michael Gomes;10 de outubro de 2019;Estou vendo se for bom dou mais estrelas.;
Rodrigo sobral zurn;8 de mar√ßo de 2019;cart√£o √© recusado em quase tudo, mesmo com saldo;
ANA LUCIA ALCANTARA;18 de maio de 2019;n√£o gostei... pois desde ontem t√¥ tentando fazer meu cadastro, coloco tudo certinho, quando vou finalizar, fala que os dados cadastrais s√£o inv√°lidos, sendo que t√° tudo certo üòàüòà;
Jose de Ribamar Ferreira;21 de agosto de 2019;Da pro gasto;
kenned sullivan;14 de mar√ßo de 2019;bom.;
Relbert;18 de abril de 2019;N√£o estou conseguindo desbloquear pelo 0800 e n√£o tem op√ß√£o de desbloqueio pelo aplicativo. N√£o faz sentido n√£o ter a op√ß√£o de desbloqueo do cart√£o no aplicativo;
Bellini Junior;4 de julho de 2018;Al√¥ al√¥ Bradesco. A ideia √© boa, tem potencial. Mas corrijam uma falha grave: permitam a gera√ß√£o de boletos para N√ÉO clientes Bradesco poderem fazer a recarga do cart√£o. Do contr√°rio, ficar√£o restritos somente √† base de clientes Bradesco. Por meio do Bradesco Expresso n√£o tem como, rede escassa,‚Ä¶;
lu soares;21 de mar√ßo de 2019;por inquanto me cadastrei estou esperando gerar o boleto ....nao tenho que reclamar;
Edson Bento;16 de julho de 2019;MARAVILHOSO BEM R√ÅPIDO ASSIM!;
Neuma Vieira Simoes;14 de maio de 2019;muito bom üëç;
Keila San√°ra;16 de mar√ßo de 2019;√≥timo!;
jaqueline chagas;28 de maio de 2019;pratico e facil amei;
Micheli Albino de Jesus;1 de outubro de 2018;Adoro;
Nels Gori;28 de julho de 2019;bom;
Aldo Victor;28 de agosto de 2019;Pessima, complicado acesso;
Henrique Demendi;11 de maio de 2019;excelente Parab√©ns;
geisa Araujo;10 de julho de 2019;muito boa e um otimo aplicativo üòö;
Um usu√°rio do Google;17 de julho de 2018;Vai fazer um m√™s meu cart√£o n√£o chegou ainda. Para mim fazer Recarga eu tenho que ir na ag√™ncia aff;
Jhonata Silva;15 de abril de 2019;App pesado, pouco intu√≠tivo e com tempo resposta dos comandos lento, precisa de uma boa atualiza√ß√£o para chegar ao padr√£o do App do Bradesco de correntista.;
GUSTAVO PEREIRA MEDINA;4 de junho de 2019;Me atende bem.;
Jose da Silva;4 de junho de 2019;√â muito √≥timo;
CRM Caxito;19 de julho de 2018;O projeto √© bacana, por√©m, deveria ter a op√ß√£o de fazer uma recarga de forma f√°cil e r√°pida a partir do app, at√© hoje n√£o sei como proceder pra efetuar uma recarga!;
Um usu√°rio do Google;29 de julho de 2018;e bom;
Marcos Magalhaes;15 de mar√ßo de 2019;√≥timo;
Um usu√°rio do Google;18 de mar√ßo de 2019;meio complicado e demorafo;
Luciano Sarmento;16 de julho de 2018;Horr√≠vel, travamentos constantes toda hora ,n√£o passa confian√ßa e estabilidade para gerenciar o cart√£o.;
Um usu√°rio do Google;22 de mar√ßo de 2019;muito facilmente e pratico;
Tiago Furtado;30 de julho de 2019;Muito bom;
Rosalio Dias De Carvalho;1 de outubro de 2019;Pedi meu cart√£o pr√© bradesco dia 4 Setembro e at√© agora nada.esclare√ßo que paguei o cart√£o. Rosalio dias de Carvalho.;
Souza 0617;16 de julho de 2018;Paguei o boleto sabado ate hoje nada paguei pelo mercado livre pelo n√∫mero do boleto atualiza logo e faz o envio do cart√£o;
Dia a Dia da Cris andrade;19 de outubro de 2019;Depois de tanto tempo agora acho que consigui o meu Ton sonhado cart√£o obrigada;
Um usu√°rio do Google;11 de mar√ßo de 2019;Excelente!!!;
Sara Gabriella;1 de julho de 2018;Lixo lixo, n√£o consigo criar minha conta, fala q nos meus dados esta errados, mais coloquei tudo certo, aplicativo lixo;
Um usu√°rio do Google;22 de mar√ßo de 2019;massa mais tenho que esperar o cart√£o chegar pra ver se √© bam mermo;
Maria Luiza Borges;23 de outubro de 2019;Ainda nao desbloquei o cartao, mas consegui entrar no app foi bem f√°cil.;
marco antonio de oliveira;2 de abril de 2019;Aplicativo muito ruim!!;
Ricardo Brasil;27 de outubro de 2019;Muito ruim! Descontaram valor do meu saldo e ainda n√£o devolveram. Demora e descaso no atendimento ao cliente.;
Um usu√°rio do Google;12 de setembro de 2018;Isso tudo e um golpe fui tira a minha indentidade e o meu CPF ficou gravado agora n√£o sai;
Breno Freitas;27 de julho de 2019;ok;
Bob 2017;15 de agosto de 2019;otimo!;
Jane Silva;3 de abril de 2019;otmo;
Dimas Souza;24 de outubro de 2019;App funciona bem o problema √© ter que ligar pra desbloquear o cart√£o deferia ter a fun√ß√£o j√° no App da ficando pra tr√°s das empresas que tem cart√£o pr√©-pago;
Jonathan Souza;21 de junho de 2018;Bom espero que fac√£o a corre√ß√£o do app pois os bugs s√£o muitos;
J√∫nior;19 de mar√ßo de 2019;Muito bom. Abri minha conta em menos de 5 minutos;
Luciana Negrette;18 de mar√ßo de 2019;Por ser um produto Bradesco, as transfer√™ncias de Bradesco poderiam ser mais r√°pidas. Demora muito para cair o cr√©dito no cart√£o.;
Cleide Silva;12 de setembro de 2019;√ìtimo;
tj reis;28 de mar√ßo de 2019;excelente;
Rob troca tela do celular;18 de agosto de 2019;Obg pela chance todo mundo merecer uma segunda chance.;
ROBERTO LIMA;29 de setembro de 2018;NAO CUMPRE O QUE PROMETE NO CONTRATO . OU SEJA N√ÉO √â POSS√çVEL EFETUAR COMPRA PELA INTERNET EM NENHUM SITE . N√ÉO TEM COMO TRANSFERIR VALORES PARA O BRADESCO. CONCLUSAO E FRIA. PARA O MAIOR BANCO PRIVADO E VERGONHA. PODERIA OFERECER ALGO MELHOR. N√ÉO RECOMENDO.;
Carina Marchi;21 de julho de 2019;Do nada o app desconectou e quando tento logar diz que campo de senha √© inv√°lido... Estou a manh√£ toda tentando e nada! ligo na central de atendimento e dizem estar sem sistema e n√£o podem me ajudar! se resolverem o problema, mudo a qualifica√ß√£o;
Mateus Barbosa;15 de janeiro de 2019;nao abre sempre defeito;
Drausio Salva Junior;16 de maio de 2019;Otimo apps. recomendo o cartao pre pago;
Luzivandia Pereira;19 de abril de 2019;gostei recebi o cartao;
Fabiana F√°h;27 de agosto de 2019;Gostaria de saber se menor de idade pode cadastrar o pr√≥prio CPF, pois tenho interesse de realizar o pagamento da mesada pelo cartao pre pago. Mas o adolescente s√≥ tem 14 anos e o outro 17;
Edson Luis Mendes;27 de abril de 2019;Muto bom gostei;
Elizabeth Silva Santos;19 de setembro de 2019;Muito bom;
App bbc;3 de junho de 2019;muito bom;
Paulo Barbosa;3 de agosto de 2019;muito bom;
Lean F. Fernandes;13 de julho de 2018;Paguei a taxa e simplesmente parou a√≠. Onde est√° meu cart√£o? √â necess√°rio acionar Procon? Paguei pelo servi√ßo e n√£o tenho nada;
Eduardo Henrique de Menezes Lima;4 de setembro de 2019;Sou empres√°rio e trabalho com cart√£o PJ. Esta op√ß√£o n√£o est√° dispon√≠vel. Absoluto desgaste.;
*Syloa Aranda*;23 de agosto de 2019;Muito bommmm;
Rosa Paz Pontes;10 de abril de 2019;boa;
Danilo Cavalcante;11 de setembro de 2019;Demora horas para a recarga da conta corrente do Bradesco cair no cart√£o. P√©ssimo;
Um usu√°rio do Google;31 de julho de 2018;Por favor disponibiliza a op√ß√£o de recarregar por boleto. Todas as vezes preciso ir no bradesco Expresso e muitas vezes as funcionarias n√£o sabem como proceder e n√£o consigo recarregar;
Natalie Cardoso;10 de mar√ßo de 2019;Nao recebo o sms para podee solicitar e utilizar o servi√ßo uma pena!;
Rita De cassia;5 de junho de 2019;adorei otimo;
PAULO RICARDO TELES DE SOUZA;9 de outubro de 2018;Muito top, est√£o de parab√©ns, muito bom , s√≥ poderia ser no app Bradesco cart√µes, mas t√° muito bom üëèüëèüëè;
Luiz Veiga;8 de julho de 2019;Gostei bastante, muito f√°cil de usar...;
Priscila Pereira;31 de maio de 2019;muita dificuldade no acesso, trava e fecha o app;
Cretinos kd;24 de outubro de 2019;Bom;
Jos√© Ferreira da Silva;24 de agosto de 2019;gostei rapido e pratico;
Jefferson Costa;30 de setembro de 2019;Fiz uma Ted da minha conta no Bradesco tem mais de uma hora e, at√© agora n√£o foi creditado no cart√£o.;
Camila Bueno;15 de mar√ßo de 2019;super f√°cil e r√°pido.;
Daniel Neves;20 de junho de 2018;Fiz meu cadastro, mas coloquei um n√∫mero de telefone errado e n√£o h√° a op√ß√£o de alterar. Como fa√ßo para fazer a altera√ß√£o? H√° um site espec√≠fico? Preciso do c√≥digo de ativa√ß√£o.;
Luiz Carlos Jeronimo Junior;24 de setembro de 2018;Vc simplesmente quer consultar o saldo, digita login e senha e nada do aplicativo abrir... üò†;
Carolina Zanuto;24 de junho de 2019;p√©ssimo, n√£o tem como recarregar por boleto, n√£o consegui fazer transfer√™ncia de uma conta de terceiros para o cart√£o pois n√£o tem n√∫mero de conta, n√£o d√° para fazer pagamentos onde s√≥ aceita cart√£o como Spotify. Resumindo, n√£o faz o que diz a propaganda.;
Um usu√°rio do Google;25 de junho de 2018;N√£o conseguir visualizar o boleto, para fazer pagamento, algu√©m aqui conseguiu pagar e ter retorno com o cart√£o??;
Uyrassu Junior;2 de junho de 2019;f√°cil acesso e n√£o tem dificuldade.;
Edgar Bento de Oliveira;3 de outubro de 2019;Falta ter NFC para pagamento por aproxima√ß√£o e Cart√£o virtual para compras na internet!;
EV fabiano rangel;31 de maio de 2019;√≥timo excelente;
O mundico da Dani cruz;8 de agosto de 2019;top;
claudete hubner;12 de mar√ßo de 2019;muito boa parab√©ns;
Fabio Santos;20 de junho de 2018;Errei o numero do celular e agora nao tem como alterar pra chegar o codigo de ativacao;
Deneiton da Silva Fernandes;1 de outubro de 2019;Muito bom at√© no momento;
Ribamar M. Santos;27 de outubro de 2019;Pessimo √± aceita em lugar nenhum;
Cleydson muniz pereira Muniz;27 de outubro de 2019;So vou da 1 estrela pq quando vou fazer o pedido do cartao sempre da erro;
Yuri Melo;22 de junho de 2018;Nao consegui nem acessar o app pois o SMS nao chega de geito nenhuma para ser ativado. Como proceder? Agora chegou o sms depoi de muito tempo. Agora quando tento acessar ele entra e ja cai, com aviso: sessao expirada.;
Celso Pierre;20 de mar√ßo de 2019;excelente;
Josenewton Oliveira;5 de junho de 2019;√≥tima foi muito pr√°tico mas o bom mesmo e confia naquele que me fortalece;
Marcello Mineiro;18 de maio de 2019;Esse cartao eh um cartao de cr√©dito pre-pago?;
Rafael Barbosa;29 de outubro de 2018;P√©ssimo solicitei o cart√£o de comemora√ß√£o por√©m n√£o chegou. Reportei que queria o da copa por√©m reportaram que n√£o estavam sendo mais confeccionados, tive contato com pessoas que tiveram o mesmo problema que eu e receberam depois da minha reclama√ß√£o. Considero p√©ssimo tanto o APP quanto o atendiment‚Ä¶;
altair vieira;26 de outubro de 2019;Bem melhor que outros pr√© pagos pois trabalho direto com o Bradesco;
Um usu√°rio do Google;11 de mar√ßo de 2019;bom demais;
Julio Goes;15 de dezembro de 2018;Falta identifica√ß√£o por biometria, muito mais agil e pratico que ficar digitando CPF e senha.;
Samuel Gomes de Sousa;29 de junho de 2019;otimo app;
Eduardo Ferreira Mendes;19 de junho de 2019;Mk;
Ane Miquilino;13 de julho de 2019;gostei;
jos√© Augusto Albano;19 de julho de 2018;Aplicativo muito ruim. Muito mesmo! N√£o entendi a parte em que vc √© obrigado a comprar um cart√£o primeiro pra depois saber quais s√£o as taxas de servi√ßos cobrados pelo banco. E tem tamb√©m o fato de ser completamente complexo o processo de adi√ß√£o de fundos. Nada sei por qu√™ complicar algo que dev‚Ä¶;
Wanderson Cristiano;21 de julho de 2019;boa tarde , estou tendo problemas com meu cart√£o Bradesco DIN . minha sess√£o salva expirou , e quando tento fazer um novo login esta dando erro . Uso ele a meses e apenas agora que est√° me dando problemas , porque Bradesco tem uma resposta ?;
Veronica Santos;29 de maio de 2019;Muito bom;
Andr√© Luiz Cavanha;16 de abril de 2019;n√£o tem utilidade... lugar nenhum da internet aceita o cart√£o, s√≥ tem restri√ß√£o.;
luiz ricardo;31 de julho de 2018;Paguei o c√≥digo de barras at√© hoje n√£o confirmou o pagamento isto √© golpe AFFF e muita sacanagem cad√™ as pessoas para responder nossa d√∫vida;
Eugenio Silva;29 de outubro de 2018;O aplicativo √± serve pra nada, tentei fazer um cadastro e o app disse que eu j√° tenho uma conta cadastrada... ai tentei com o CPF de meu irm√£o, deu a mesma coisa... √± presta;
yNoCry;5 de junho de 2019;Melhor banco, design lindoo e atindimento melhor ainda!!;
Elson Freitas;28 de julho de 2019;Toda vez que voc√™ entra tem que colocar todos os dados. N√£o √© certo isso se o celular √© seu;
Felipe Deolindo;13 de setembro de 2019;Esse App √© o melhor app que existe melhor ficou com Bradesco Bradesco sempre conosco na frente sempre lutando pelo Brasil para ser um Brasil melhor Obrigado meu app Bradesco Google;
Daniel Neves;22 de novembro de 2018;ruim, s√≥ tem beleza o cart√£o;
wtf Tutoriais;2 de junho de 2019;facil e rapido e muito pratico;
boniek nogueira;3 de abril de 2019;Funciona bem!;
Leandro Martins;19 de junho de 2018;Muito bom;
Eduardo Alves Nunes;17 de setembro de 2018;P√©ssimo App.... J√° faz 5 dias que o aplicativo n√£o acessa. Se n√£o acessa, logo n√£o consigo ver meu saldo... Se um dia o App acessar, vou aproveitar para cancelar. N√ÉO RECOMENDO.;
Kely Janifer Martins Venceslau Martins Venceslau;18 de agosto de 2018;Ainda estou instalado;
Um usu√°rio do Google;11 de mar√ßo de 2019;Adorei, muito bom este app..;
MARCONE SANTOS;4 de maio de 2019;muito bom;
Jesse Ferreira;30 de dezembro de 2018;eu quero muito o cart√£o mais quando vou finalizar dar erro e minhas informa√ß√µes est√£o certas;
Francileide Rocha;26 de agosto de 2019;√ìtimo;
fernando alves;24 de maio de 2019;√â poss√≠vel transferir da minha conta Ita√∫ para o bradesco din? bradesco din te n√∫mero de agencia e conta?;
douglas lopes melo;16 de setembro de 2018;O app n√£o quer abrir, fica carregando e n√£o sai do lugar!Consertem por favor!;
Tiago Guimar√£es;4 de outubro de 2019;Quero cancelar minha conta como fa√ßo? No app n√£o tem a op√ß√£o !!;
MISSIONARIO PAULINHO NUNES;15 de janeiro de 2019;perdi a senha e nao consigo entrar no aplicativo e ningu√©m me ajuda;
marilda juk;8 de setembro de 2019;Otimo App ,bem intuitivo e de facil usabilidade .;
alexsandro jose da silva;9 de julho de 2019;muito bom continuar assim.;
Anderson Natali;18 de setembro de 2019;Muito bom;
Denner pereira;27 de agosto de 2018;Apps √© p√©ssimo p√©ssimo horr√≠vel mesmo uma empresa dessa fazendo coisas sem utilidade;
Junior Fernandes;24 de agosto de 2019;Muito bom ... Parab√©ns pelo aplicativo...;
lipe Raiser;19 de julho de 2018;Coloquem a op√ß√£o de boleto por favor , e devido a melhorar no desempenho eu aumentei as estrelas .;
Reginaldo m√°ximo dos santos;2 de julho de 2019;muito bom;
Andre MORAES;20 de julho de 2019;excelente app;
Ana Paula Maria De Moura;17 de setembro de 2019;√ìtimo.;
Rodrigo Arcanjo;21 de junho de 2018;Imposs√≠vel navegar no aplicativo, desisti, muitos erros;
silvia camilla nota 1000 Camilla;22 de junho de 2018;Assim que fa√ßo login no App, o App me desloga automaticamente e pede para que eu fa√ßa novo login. E assim, sucessivamente.;
Um usu√°rio do Google;28 de mar√ßo de 2019;√ìTIMO;
Robertha pirimigs;8 de setembro de 2018;Abri uma conta corrente por este aplicativo e agora nao consigo ter ascesso ao numero do meu cartao e o cartao ainda nao chegou .;
Um usu√°rio do Google;27 de dezembro de 2018;Ent√£o agente cm esse cart√£o s√≥ realizaremos compras no cr√©dito se fizermos recarga √©? pois tenho outro tipo de cart√£o e √± preciso fazer recarga pra utilizar!;
caio-br henrique;24 de outubro de 2019;Ol√° queria saber √© que eu remover o cart√£o do perfil ai queria fazer aparecer De novo no perfil tem como?;
Felipe;18 de setembro de 2019;Regular. Gostaria que a recarga fosse mais r√°pida. Mas o servi√ßo √© muito bom.;
Um usu√°rio do Google;16 de julho de 2018;Muito ruim ,baixei mais nao conseguir usar;
Brennon Athi√™;10 de agosto de 2019;Precisa melhorar muito!;
Adriano Braz;15 de outubro de 2019;Muito bom;
Henrique Silva;14 de agosto de 2019;bom;
Rosangela Miranda Siqueira;21 de outubro de 2019;üëçüèº;
Vanessa Detz;8 de dezembro de 2018;N√£o consegui me cadastrar pelo App?!;
Marielsio Ara√∫jo;22 de junho de 2018;S√≥ abre pra criar o v√≠nculo,depois na hora de acessar os servi√ßos,nem pensar !a sess√£o expira no momento que a tela de menu abre , app lixo üôÑüò§;
Bruno Aquino;25 de dezembro de 2018;fiz,paguei e n√£o recebi;
Um usu√°rio do Google;6 de junho de 2018;O App abre mais depois fica em tela branca e volta a tela inicial,e n√£o consigo validar o c√≥digo que me enviaram;
Gabriel Henrique;19 de mar√ßo de 2019;bom;
Rafael Xavier;12 de junho de 2018;N√£o gera o bendito boleto;
gaby sim√µes;24 de julho de 2019;muito bom gostei.;
Beto invasorlight;23 de mar√ßo de 2019;nada a reclamar,nuito bom,funciona perfeitamente;
Danilo Santos;12 de setembro de 2019;n√£o estou conseguindo solicitar o cart√£o, quando termi de preencher os dados iniciais que vou confirmar, aparece uma mensagem dizendo que ia dados s√£o inv√°lidos!!;
fernando tadeu;25 de outubro de 2019;√ìtimo cartao;
Joao Araujo;5 de abril de 2019;bom;
Fernando Fratezi;9 de agosto de 2018;Impossivel carregar. Propaganda enganosa. Ate receber cart√£o √© perfeito. Ap√≥s, nenhum lugar indicado carrega e bradesco expresso nem sabem do que se trata o produto.;
Wagner Nunes k;3 de outubro de 2018;S√≥ pega nossos dados e n√£o abre para porta nenhuma;
Ocione Costa;25 de abril de 2019;muito pratico;
Um usu√°rio do Google;4 de setembro de 2018;Muito bom;
Guilherme;15 de outubro de 2019;√ìtimo;
Genilson Pereira;18 de junho de 2019;√≥tima;
Luciana Santana;6 de julho de 2019;gostei da experi√™ncia;
Cicero Emanoel;8 de julho de 2019;Nao consigo realizar recarga , nao sou correntista , ja fui em 2 lojas expresso Bradesco e os funcion√°rios nao sabem como funciona.;
Nilderlene Negr√£o;15 de abril de 2019;gostei do atendimento;
Eduardo Coelho;13 de junho de 2018;N√£o gera o boleto pra pagar o cart√£o e n√£o explica direito as tarifas s√≥ tem valores mas nada explicado.;
Janaina Soares;22 de junho de 2018;Lixo. N√£o abre. Fica s√≥ mandando fazer login;
Heenrique Dellavega;31 de julho de 2019;Excelente app muito bom.üòç‚ù§;
Marco Antonio Maru;21 de junho de 2018;N√£o consigo ver o boleto para pagamento do cart√£o;
Um usu√°rio do Google;15 de mar√ßo de 2019;o cartao parece ser bom mas tem mais de 20 dias q fiz o pedido e ele nao chegou;
FREEDOM FOREVER;7 de abril de 2019;√≥timo recomendo a todos...;
Mauricio Oliveira;13 de outubro de 2019;Pedi o cart√£o e nunca chegou. Fui na ag√™ncia e percebi que n√£o sabem nem que existe este cart√£o. Que fraco! Tinha muito interesse, vou continuar com o visa pre do BB.;
Maria Marlene;3 de maio de 2019;A app √© muito pr√°tico sem borrocacia importante para acessar o cadastro como clientes e bem esclarecindo vale a pena conferir bem mais pr√°tico e r√°pido para realizar cadastros seguro e r√°pido com este app tem um impacto positivo not√≠cias sobre finan√ßas;
Thiago Marques;7 de julho de 2019;amei s√≥ falta a recarga via boleto pra ficar melhor .;
Roberto Nogueira Da Silva;22 de junho de 2018;Tive problemas tamb√©m para logar, mas pelo computador estou acessando normalmente, efetuei o pagamento do boleto ontem e agora aguardo a baixa do mesmo.;
eduardo da silva gon√ßalves;11 de abril de 2019;procedimento muito bom;
Wimerson Clay;19 de junho de 2019;√≥tima;
Jorge Rick neto;20 de agosto de 2019;poderia ser melhor com limite maior de caracteres para senha;
Cicaum Aow larai;27 de setembro de 2019;Fica fora do ar muito tempo;
Vanessa Mello;9 de julho de 2018;Pessimo , fiz uma transfer√™ncia no dia 3 de Julho e at√© hoje n√£o entrou o dinheiro no cart√£o , j√° liguei p fone f√°cil, gerente , cart√£o Dim , ouvidoria e at√© hoje nada;
Nascida da Literatura;25 de mar√ßo de 2019;curti! mas vcs deveriam ampliar a utiliza√ß√£o do cart√£o, na Nintendo e shop, live gold e sites de compras com op√ß√£o de cadastro mensal.;
Maiquel Sousa;16 de setembro de 2018;O cart√£o √© bom mas tem outros sem custo de manuten√ß√£o. O aplicativo √© ruim. Parou de funcionar N√£o memoriza usu√°rios. N√£o aceita digital. Pede CPF todo login √© problematico com a senha. N√£o faz v√≠nculo com o aplicativo da conta;
Gilberto gomes;18 de julho de 2019;ate o momento tudo ok;
Odivaldo Costa;30 de julho de 2019;gostei da forma simplificada de preenchimento dos requisitos;
Marcos C√©sar Ribeiro;23 de abril de 2019;top!;
Samuel Delben Jr;12 de julho de 2018;Demooooora pra lan√ßar o dep√≥sito mas √© bom que n√£o gasto ‚úå e por favor atualizem o app pra poder salvar pelo menos o CPF, muito chato toda vez que entrar ter que digitar esse tanto de n√∫mero e ainda por cima a senha alfa num√©rica com mai√∫scula e min√∫sculas. pensa tentar digitar isso no √¥nibus lo‚Ä¶;
Vanessa Alves;30 de setembro de 2019;Bom eu indico;
Matheus Pinheiro;15 de agosto de 2018;O √∫nico modo de colocar cr√©dito no cart√£o foi por deposito banc√°rio no Bradesco. Em todos os outros canais o valor n√£o caiu. Dizem que o sistema t√° em aprimoramento. Ent√£o n√£o liberassem o cart√£o.;
Wellington Jose;20 de junho de 2018;Eu paguei o boleto no dia 11/06/18 hoje j√° √© 20/06/18 i nada do cart√£o vou entrar com uma a√ß√£o judicial porqu√™ quero meu dinheiro de volta.;
Emerson Augusto;30 de outubro de 2019;Mto exelente;
neila gomes montero;21 de setembro de 2019;Novas expectativas para esse tipo de conta;
raimundo nonato lima de sousa;14 de janeiro de 2019;eu fiz o cartao na ag√™ncia de coxim ms o cartao n√£o veio;
renato lima;19 de junho de 2018;Boa noite, n√£o consegui acessar o app. Fiz o cadastro tudo certo, mais na hora de entrar ele fica bugando e voltando na tela inicial. Por gentileza se puderem arrumar isso, mais eh um √≥timo aplicativo.;
Willian Costa Dos Santos;30 de agosto de 2018;Nossa quero saber como fa√ßo para depositar dinheiro no cart√£o,pior Cart√£o que j√° tive na vida n√£o serve pra nada?üò†üò†;
Paulo Santos;13 de maio de 2019;muito pr√°tico.;
Anderson Silva;2 de outubro de 2019;Bom demais;
H√©lio Castilho;6 de julho de 2019;PROPAGANDA ENGANOSA - O cart√£o n√£o √© aceito em todos os lugares e lojas, como √© divulgado na propaganda. MELHOR OP√á√ÉO: CART√ÉO PAGSEGURO. √â irritante usar esse aplicativo, pois vc clica em "manter logado", mas ele sempre pede sua senha quando vc deseja acessar novamente. S√≥ o Bradesco desenvolve esse‚Ä¶;
Rosimeire Mathias;25 de setembro de 2019;Estou tentando broquear ,pois o pr√≥prio banco Bradesco desconhece esse cart√£o tentei v√°rias X com funcion√°rios dos caixas , at√© ger√™ncia me disseram que √© complicado fazer dep√≥sito ou seja sem sucesso os pr√≥prios funcionarios da ag√™ncia n√£o sabe como me ajudar.;
FLAVIO AMARAL;8 de outubro de 2019;Melhorou bastante e muito pr√°tico, pois sou correntista do Bradesco;
Eudson Bezerra;20 de junho de 2018;Nunca finaliza;
ValzikA Zika;16 de agosto de 2019;muito bom;
Sueli Ulian;11 de agosto de 2019;‚ò∫‚ò∫‚ò∫‚ò∫;
Neliane Macedo;12 de agosto de 2019;Rapido, facil e sem burocracia.;
Claudia Guillen;12 de mar√ßo de 2019;Gostei! para mim um √≥timo App;
Fabricio Oliveira;20 de abril de 2019;App √≥timo cart√£o √≥timo parab√©ns s√≥ faltava ter mais benef√≠cios desconto em posto de gasolina essas coisas;
Levi Dos Santos Florenntino;23 de outubro de 2019;exelente √≥tima experiencia muito boa gostei muito √© facil rapido e sem borocracia;
Pedro Silva;20 de outubro de 2019;N√£o consigo abrir uma conta para mim....;
David Cruz;14 de julho de 2018;Vai fazer 1 mes que solicitei o cart√£o pre pago, e ate agora nada dele, s√≥ fala que esta em produ√ß√£o;
Um usu√°rio do Google;1 de fevereiro de 2019;ate agora nao conseguir pedir cartao pq ta falando falha comunica√ßao com servidor;
Bruna Faria;6 de julho de 2019;otimo;
Leandro Ramos de sena;13 de setembro de 2019;Muito bom;
vanderlei albuquerque;30 de agosto de 2019;n√£o sei ainda.;
Jose Geraldo Nereu;26 de mar√ßo de 2019;sim;
carolina de oliveira gomes;30 de outubro de 2018;O APP e ate bom mas de que adianta desde agosto pavuei e nao recebi o cartao e nao consigo contato com oa telefones... Deve ser pra pegar denheiro do povo s√≥ pode;
Kelly Arantes;20 de junho de 2018;N√£o consigo imprimir o boleto pra eu pagar , fui at√© a ag√™ncia do Bradesco mas nem eles conseguem nos informar ao certo , liguei no telefone que aparece no aplicativo e os mesmos d√£o informa√ß√µes que eles est√£o com problemas na plataforma q gerar os boletos, acho que n√£o √© um aplicativo q passa s‚Ä¶;
Wellington Matias Oliveira;11 de agosto de 2019;muito bom;
kauan Rangel;5 de setembro de 2018;N√£o consigo recarregar este cart√£o;
joaopaulo macinerio;14 de maio de 2019;üëç;
Eriosvan@gmail.com Eduardo;9 de julho de 2019;muito bom;
Danilo Santana;16 de setembro de 2019;Gostei;
Danielly Vital;29 de outubro de 2019;Horr√≠vel;
Marcos Roberto Rodrigues de Assun√ß√£o;26 de outubro de 2018;Show;
Leonardo Moraes;14 de agosto de 2019;Ol√° bom dia,quero informar aos respectivos representantes do cart√£o Din.Ocorreu um fato, que eu fui fazer um saque num caixa eletr√¥nico do Bradesco, fiz o pedido de um valor a m√°quina me informou que estava contando cedulas,obs que a mesma fez esse mesmo processo tres vezes e o dinheiro n√£o saiu. Po‚Ä¶;
Albany Pereira Santos;30 de agosto de 2018;Adorei !;
Mauro Mattos;16 de junho de 2018;Instalei o Aplicativo, sem problemas, h√° quase 30 dias mas n√£o consigo pedir o cart√£o. Sempre no final do preenchimento d√°, "erro tente mais tarde". Fizeram uma atualiza√ß√£o uns vinte dias ap√≥s e continua dando mesmo erro, ligo para o SAC n√£o sabem responder. S√≥ n√£o entendi uma coisa, se eu me ca‚Ä¶;
Heigo Guimaraes Da Silva;17 de julho de 2018;N√£o tem a op√ß√£o para recarregar!. como vou us√°-lo?.. Algu√©m pode me informar .! como √© que faz a recarga nesse trem....;
Milton Ribeiro;17 de setembro de 2018;Uma m..... Estou tentando acessar faz horas e nao consigo;
Jos√© Pedro;22 de junho de 2018;Ontem efetuei o cadastro normalmente, hoje tento fazer o login e d√° a mensagem de sess√£o expirada toda vez e volta pra tela inicial.;
Dirceu Dos santos carneiro;30 de setembro de 2019;Acabei de pedir vo esperar;
Tami Magalh√£es;19 de junho de 2018;"Cadastro com dados inv√°lidos" como assim??? Arrumem isso!!;
Jorge Oliveira;29 de julho de 2018;At√© hj n√£o enviaram o cart√£o j√° vai um m√™s...falta de respeito...;
Sandro Nunes;10 de junho de 2019;Recargas: podem ser realizadas em qualquer Bradesco Expresso e, se for correntista Bradesco, em qualquer canal de Autoatendimento Bradesco. Mas precisa libera√ß√£o pelo Fone F√°cil ou na Ag√™ncia. Vou utilizar sendo funcional dou mais estrelas.;
Juliana Ramos;27 de maio de 2019;fiquei com medo agora to vendo muita reclama√ß√£o, pedi hoje e j√° paguei o boleto hoje 27/05/2019, to com receio de me arrepende...;
Rafael Portela;11 de outubro de 2018;O cart√£o √© uma engana√ß√£o voc√™ tem que ter conta no Bradesco para poder carregar n√£o adianta nada para quem n√£o √© correntista Bradesco;
Lucas Alberice;7 de agosto de 2019;Boa;
Kleia Milit√£o;25 de setembro de 2019;P√©ssimo atendimento do Din. P√©ssimo suporte. Telefones de contato n√£o funcionam, sac n√£o presta. Solicito estorno da taxa de emiss√£o do cart√£o. *** RID√çCULO***;
Raimundo Barbosa;5 de junho de 2019;muito bom;
Anderson Moura;20 de junho de 2018;Tem muito para melhorar, com certeza n√£o √© a mesma equipe do App do Bradesco para correntista. Este do cart√£o √© muito ruim.;
Fidelidade Xerox - Na f√©!;19 de agosto de 2018;√â quest√£o de usar a cabe√ßa.. o cliente paga R $9,90 pra ter um cart√£o que tem a mesma fun√ß√£o de um cart√£o de d√©bito vinculado √† conta poupan√ßa... acho esse cart√£o in√∫til, j√° que √© muito mais f√°cil a pessoa abrir uma conta poupan√ßa gratuitamente em qualquer institui√ß√£o financeira..a pessoa gastar‚Ä¶;
Quesia Vit√≥ria;27 de junho de 2019;muito bom;
Robert Azambuja;30 de setembro de 2019;A conta √© gratuita? E tem limite de credito?esse limite de 5000 e oferecido pelo bradesco Din?;
Paulo Ricardo;12 de agosto de 2019;top;
BARRETO CAVACO;15 de outubro de 2019;Exelente;
Mois√©s Galdino;31 de julho de 2018;P√©ssimo.;
Aguinaldo C;23 de junho de 2018;Aplicativo com muitos problemas, muito abaixo do n√≠vel de outros aplicativos semelhantes. S√≥ o fato de exigir CPF e senha a cada consulta sem lembrar dados j√° indica o grau de pouco profissionais mo. Bradesco olhe o super digital do S√°nta der...;
Celso Alves Ribeiro;15 de junho de 2019;Am√©m;
6om3s;2 de agosto de 2019;Algumas transa√ß√µes online, n√£o s√£o completadas, com a informa√ß√£o: ESTE TIPO CART√ÉO NAO √â ACEITA. Exemplo de apps: UBER, PLAY STORE, ENTRE OUTROS. J√° com cart√£o pr√© pago de outra empresa √© aceito. Incr√≠vel isto acontecer com um cart√£o na fun√ß√£o cr√©dito, e que √© pago antecipadamente... üëé;
Tygra Thunder;23 de abril de 2019;Maravilhoso.;
julio fernando ottoboni;28 de dezembro de 2018;paguei o boleto e nunca recebi o cart√£o;
Regi san;10 de outubro de 2018;Chegou mei cart√£o j√° üôè;
Edsonsouza Nascimento;28 de maio de 2019;√≥timo;
Anderson Rodrigues;6 de outubro de 2019;bom app apesar de ser um pouco lento;
Um usu√°rio do Google;19 de junho de 2018;N√£o estou conseguindo baixar o boleto em PDF para fazer o pagamento do cart√£o. Quando solicitado, o aplicativo fecha. Favor corrigir. Grato.;
Katia Camargo;15 de maio de 2019;gratificante;
Luiz Carlos Djar Rodrigues;14 de julho de 2019;blz de aplicativo e cartao..üòé;
Um usu√°rio do Google;11 de mar√ßo de 2019;√≥timo pois vc pode fazer a compra na Net e ter a certeza que nao vai pagar a mas por isso... l√≥gico vc colocando apenas a quantia a ser usada;
Um usu√°rio do Google;9 de julho de 2018;Fiz o pedido e paguei, em 15 dias certinho chegou o cart√£o. Lindo! Por√©m n√£o consigo carregar pra usar. Fui na ag√™ncia, mandaram eu ir no Bradesco express, l√° mandaram voltar na ag√™ncia. Agora t√¥ com o cart√£o s√≥ pra bonito, falta de organiza√ß√£o, coloquem a recarga por boleto. PagSeguro carrega p‚Ä¶;
Andre wilson Passos;30 de maio de 2019;√≥tima;
Maria De Lourdes;4 de janeiro de 2019;Secretaria,atendimento ao publico,h√° 17 anos em consult√≥rio medico;
Val Araujo;8 de dezembro de 2018;Pra que essa tarifa afff de 9.90;
Um usu√°rio do Google;24 de setembro de 2019;√ìtimo 8;
F√°bio Lima;11 de junho de 2019;Excelente!;
Marcos Andre;5 de novembro de 2018;Duvidoso,pois est√° aparecendo sempre um erro ao fazer o login, n√£o podendo fazer consulta e acompanhamento nem um;
Dionizio Vilalba;9 de mar√ßo de 2019;muito funcional;
Oziel Santos;31 de janeiro de 2019;N√£o consigo fazer o cadastro, pois ao tentar finalizar o cadastro aparece a segunte msg: "Erro de comunica√ß√£o, tente novamente mais tarde";
Jana√≠na Lima;22 de outubro de 2018;Estou muito aborrecida, solicitei o cart√£o a 2 meses, paguei o boleto, o cart√£o n√£o chegou, e agora v√£o cobrar tarifa na minha conta corrente, e n√£o consigo nem cancelar o cart√£o que n√£o existe, isso √© um fraude, lamentamos Bradesco.;
Renato Ruas;23 de outubro de 2019;MUITO BOM E PR√ÅTICO!!!!!!!!!!!!!!!;
ray cachorrao;12 de julho de 2018;Bom dia bradesco..fiz o pagamento do boleto pelo cart√£o no dia 19 de junho e at√© agora n√£o recebi. No App fala que o cart√£o est√° em produ√ß√£o. Por gentileza poderia olhar OQUE possa ter ocorrido?desde j√° agrade√ßo. O cart√£o √© o comemorativo da copa do mundo valor de 15 reais;
anderson parente;25 de fevereiro de 2019;J√° faz 20 dias que est√° em produ√ß√£o o cart√£o e at√© o momento n√£o foi enviado por favor me enviem o cart√£o;
Francisco Fabio;23 de mar√ßo de 2019;oi meu boa noite este aplicativo e da ora e muito bom;
Um usu√°rio do Google;5 de dezembro de 2018;Bom;
Roberlan Fernandes;28 de abril de 2019;show;
Johnny Braga;24 de mar√ßo de 2019;Muito bom;
REGINA CELIA ROSSI;23 de junho de 2019;N√£o gostei, pois, falaram que para por cr√©dito, era s√≥ no caixa Bradesco Expresso, e aqui em Sabar√° tem um caixa nas casas Bahia e a funcion√°ria disse que n√£o recebe e que ela n√£o conhecia o cart√£o, ent√£o cancelei o cart√£o.;
Sandro Bessa;6 de outubro de 2018;Vou entrar na justi√ßa contra o Bradesco pq fiz um cart√£o pr√© pago e a mais de 4 meses esse cart√£o nunca apareceu.paguei 15 reais. Liguei pra central n√£o resolveram nada e nem nunca me ligaram. est√£o vai ser assim;
Bruno Henrique;10 de abril de 2019;√≥timo;
cicero pereira;19 de julho de 2019;bom;
Elvis de Oliveira Santos;15 de setembro de 2018;Tenho Smartphone Moto Z3 Play, e o app n√£o abre s√≥ carrega e trava #MerdaAPPBradesco;
Marcia Bolner;27 de outubro de 2019;√ìtimo aplicativo com dados precisos sobre o cart√£o.;
adelino aparecido;14 de mar√ßo de 2019;muito interessante. √≥timo;
Dianaoliveira123 Oliveira;9 de julho de 2019;at√© agora muito bom;
Jimi Guimaraes;16 de maio de 2019;boa;
Jansen Erdei Nunes;18 de mar√ßo de 2019;O cart√£o seria muito melhor se funcionasse em app's simples como Zona Azul, Paypal, Shell Box sem isso o cart√£o tem muito pouca utilidade.;
Jean Torres;6 de abril de 2019;Muito ruim, da erro ao finalizar. Pura engana√ß√£o. N√£o instalem.;
lihpe universo;12 de setembro de 2018;quem quiser perder dinheiro e tempo contrate esse servi√ßo;
Paulo Santos;21 de julho de 2019;√≥timo;
Elivelton Souza;21 de junho de 2018;N√£o consigo baixar o boleto PDF para efetuar o pagamento!!;
Valcenir Francisco;23 de outubro de 2019;Muito bom;
Gamer 13;5 de junho de 2019;De cara, gostei! Vou experimentar mais e reavaliar futuramente.;
Sarita Ramilo Arize;23 de outubro de 2019;oi meu cart√£o n√£o chegou ainda? tem c√≥digo de rastreamento?;
josenilton cell;27 de abril de 2019;muito bom;
Nick gomes;21 de mar√ßo de 2019;show;
Aline Souza Matos;1 de junho de 2019;escrevo certo o numero do meu celular mais n√£o vai pq ?;
clessivania santos da costa;13 de janeiro de 2019;at√© hoje paguei o boleto desde 05/11/2018 ate agora nada de cart√£o.;
Daniel Bezerra;20 de agosto de 2019;muito bom;
Eric Victor;19 de junho de 2018;√â uma ideia boa do Bradesco mais o pior disso q tem que ficar fazendo login toda hora q entrar no app digitando CPF e senha toda vez , isso me irrita , n√£o salva o login nem senha;
Um usu√°rio do Google;19 de junho de 2018;Quero cancelar meu cadastro n√£o conclui n√£o consigo pedir o cart√£o;
Antoniel sousa Silva;10 de mar√ßo de 2019;P√©ssimo. N√£o consigo compra ou pagar nada na Internet com esse cart√£o. N√£o consigo pagar a Netflix, globoplay, esporte interativo Plus, etc... Esse cart√£o poderia se um cart√£o internacional aceitos em todos lugares e mas n√£o √©.;
Um usu√°rio do Google;8 de fevereiro de 2019;ja faz 7 dias que paguei o boleto do cartao, e no aplicativo diz que o pagamento ainda nao foi efetuado, qye estar em aberto;
FLAVIO AVELINO;7 de janeiro de 2019;Muito ruim n√£o o App mas o cart√£o, fica bem atr√°s de outras op√ß√µes como a do cart√£o acesso, n√£o pode cadastrar no Google play, nem no urbe, compras online esquece ... por ser de um grande banco deveria ser melhor desenvolvido. #lament√°vel.;
Um usu√°rio do Google;9 de dezembro de 2018;Como faco para recarregar o Cartao pre Pago?;
PandarGamer;13 de dezembro de 2018;Tem como pagar a contas de luz, Internet E etc...?;
Vinicius Almeida Decottignies;4 de abril de 2019;excelente;
Renato Freitas;4 de agosto de 2019;Agora sim merece cinco estrelas, melhorou 100% por cento, agora est√° bem leve eu consigo acessar minha conta bem de bem..Obrigado e parab√©ns.;
Rafael Nunes Krahn;7 de junho de 2019;otimo;
Um usu√°rio do Google;11 de mar√ßo de 2019;√ìtimo;
Cristina Barboza;26 de outubro de 2019;Muito bom;
maria luiza soares;20 de junho de 2019;aplicativo otimo;
Jades Mendes;19 de junho de 2018;Fiz meu cadastro, por√©m quando eu entro, antes de fazer o pedido do cart√£o, manda eu fazer o login novamente;
Jos√© Daniel da Silva;28 de setembro de 2019;Nao era o que eu queria. App de conta! Istalei errado;
ezaffy kyoto;27 de dezembro de 2018;Gente, pelo amor de Deus pagar R$ 15 por um cart√£o al√©m de outras taxas, tinha que ser mais uma da Bradesco tarifas. O sofisa Direto tem um cart√£o pr√© pago sem tarifa alguma, ent√£o vamos de Sofisa.;
Black panter;2 de julho de 2018;Estou esperando esperando o boleto carregar a 10dias, tamb√©m a central de relacionamento n√£o funciona, pede primeiro o n√∫mero do cart√£o sendo imposs√≠vel acesso sem o mesmo boleto ter sido pago.;
Nilson Chyru;18 de maio de 2019;e √≥timo e pr√°tico;
Alliot Alves;8 de janeiro de 2019;Fiz minha inscri√ß√£o no app por achar o anuncio realizado pelo Banco atrativo e vantajoso mas, estou mudando de id√©ia. Ap√≥s fazer o cadastro entro no menu boleto e simplesmente apresenta um bug de erro ao gera-lo. N√£o vou ligar para Central solicitando um boleto de R$ 9,90. Voc√™s deveriam pensar assi‚Ä¶;
Junior Alves;6 de julho de 2019;qualquer coisa do mais estrela;
Jos√© Simao;20 de mar√ßo de 2019;Um Lixo,eu paguei o boleto para vir o cart√£o,e quando entro l√° aparece aguardando pagamento.üò°üò†.Lixo Lixo Lixo Lixo Lixo Lixo Lixo Lixo Lixo Lixo Lixo Lixo Lixo Lixo.N√£o recomendo propaganda enganosa;
Mary Am√©rica Moreno;7 de junho de 2019;Qual limite dispon√≠vel;
Alan Benedetto;22 de julho de 2018;N√£o consigo pagar o boleto pra envio do cart√£o , pois desde o dia 9/07 o mesmo ainda n√£o foi gerado, como assim? 13 dias corridos e n√£o foi gerado? creio q tenha algum erro a√≠.;
Silvio Jose;26 de julho de 2019;otimo;
fabi√£o 34;12 de junho de 2019;ate agora esta sendo top!;
Lucio Mec;12 de junho de 2019;gostei muito;
Herbert Feliciano Beserra;3 de abril de 2019;aplicativo bugado e a conta apresenta problemas nem sempre confirmando a transfer√™ncia para o cart√£o;
Quero Brigadeiro;8 de maio de 2019;√≥timo;
Thauanne Santos;2 de abril de 2019;muito bom o brasdesco a cada dia surpreendendo mais amo o bradesco banco muito bom;
William Bueno Rufatto;12 de junho de 2019;Muito F√°cil;
Paulo Oliveira;4 de julho de 2018;A mais de 2 semanas aguardando o cartao e ate agora nada;
Eduardo Fonseca;26 de julho de 2019;Maravilhoso;
Richard Antunes;20 de junho de 2018;Como faz para recarregar o cart√£o?;
Robertorivelino 010575;23 de setembro de 2019;Vamos ver se e bom como o banco!!!;
Henrique Valias;25 de outubro de 2019;Otimo;
Jose carlos Sobrinho;17 de julho de 2019;√≥timo;
humberto jose teotonio betso;7 de setembro de 2019;Muito bom;
Renata Batista;3 de setembro de 2019;F√°cil de realizar o pedido;
Valdinei Chaves;15 de junho de 2019;recarga em 30 minutos, muito pratico e facil de usar!!;
Amandah Reis;1 de maio de 2019;Muito bom o app;
Vitor Ferreira;24 de junho de 2019;√≥timo;
Jadson Souza Melo;12 de outubro de 2019;Muito bom gostei muito;
Um usu√°rio do Google;2 de julho de 2018;Faz mais de um m√™s que paguei o boleto para emiss√£o do cart√£o e at√© agora n√£o chegou.;
Brun√£o abrahao;18 de mar√ßo de 2019;√≥timo;
Um usu√°rio do Google;1 de novembro de 2018;Nunca vi na minha vida App mais lixoso que esse.;
J. Luna;21 de julho de 2019;√≥timo aplicativo;
Clebert dos Santos;26 de outubro de 2019;Bom mas vai ficar melhor com essa dica, favor colocar a op√ß√£o de carregar o cart√£o com boleto banc√°rio, o concorrente mercado Pago tem e ajuda muito se colocar aqui tamb√©m essa fun√ß√£o vai ficar melhor que l√° pode ter certeza, eu envio o boleto pra pessoa por email ou whatsapp e ela imprime ou paga p‚Ä¶;
Fabio Crelinque;12 de junho de 2019;top de mais;
Um usu√°rio do Google;23 de julho de 2018;Ybom Bom;
Um usu√°rio do Google;29 de mar√ßo de 2019;muito bom;
Rose Alves;22 de julho de 2019;muito bom;
Paulo Rogerio;14 de setembro de 2019;Paguei o boleto e deram a resposta nenhuma, muito ruim;
marcos antonio gusmao;31 de mar√ßo de 2019;maravilhoso recomendo;
Um usu√°rio do Google;22 de outubro de 2018;√ìtimo, super recomendo!;
Um usu√°rio do Google;27 de janeiro de 2019;fiz o cadrasto passei at√© a conta ja tem mas troquei de celular e no aplicativo nao existe um lugar para entrar pois s√≥ pede CPF e senha e pra entra so na conta so se for na conta da peste;
Tiago Sodel;28 de junho de 2019;ola esse cartao e de credito ou debito;
papa capim f√™mea;9 de julho de 2019;Muito bom;
Alan Costa;10 de junho de 2019;bom bom;
Nana Sousa;6 de maio de 2019;se vc pensa em adquirir um cartao pra usar pra comprar app ou jogos por exemplo, esquece que este cart√£o nao serve pra isso. tentei adiciona lo como forma de pagamento aqui na minha conta do Google e n√£o foi aceito. uma pena.;
#maloka ana;27 de junho de 2019;Gostei Atendimento R√°pido E Sem Enrola√ß√£o;
patyfarban;27 de dezembro de 2018;Estou no exterior e n√£o consigo fazer pagamentos nas lojas, nem sacar. S√≥ consegui comprar no aeroporto do Gale√£o. Para o exterior √© melhor trazerem cart√£o de cr√©dito.;
GUSTAVO DMR;6 de agosto de 2018;Ol√°. Esse cart√£o ele √© de cr√©dito?;
Um usu√°rio do Google;22 de mar√ßo de 2019;top;
Guilherme Silveira;22 de junho de 2018;Consegui fazer o cadastro e o pagamento sem problemas, mas depois disso o app deu problemas e agora n√£o fica logado. Sempre que entra e tenta fazer qualquer a√ß√£o sai e fala que a sess√£o expirou.;
clecio santos;10 de maio de 2019;√≥tima;
Luiz alberto Moreno;15 de julho de 2019;antes de eu conhecer esse App n√£o sabia que era t√£o bom .;
Marcos Paulo;19 de outubro de 2019;O app. est√° funcionando normalmente. S√≥ gostaria de sugerir a op√ß√£o de recarga de cr√©ditos pelo pr√≥prio aplicativo. Como exemplo: via boleto banc√°rio ou c√≥digo de barras, onde poder√≠amos digitar o valor que seria carregado no cart√£o Bradesco Din.;
Maura Francisco Lopes asega;24 de setembro de 2019;Muito bom.;
Um usu√°rio do Google;19 de julho de 2018;Paguei meu boleto no dia 20/06 e at√© agora nada de chegar meu cart√£o üò§üò§;
Minist√©rio Contra o pecado;18 de mar√ßo de 2019;bom;
