Cristiano;26 de outubro de 2022;Aplicativo p√©ssimo. Apenas para consulta. Todo m√™s o mesmo sofrimento. A fatura n√£o chega pelos correios e tenho que ficar entrando em contato com gerente para fornecer c√≥digo de barras. J√° estou deixando de utilizar muitos servi√ßos desse banco. Nada e pratico. Tudo depende de gerente. (A boa vontade) aplicativo arcaico. S√≥ estresse. J√° nem uso esse cart√£o mais para n√£o passar raiva e cancelar logo. Assim que terminar de pagar todas as faturas, vou bloquear N√£o indico para ningu√©m.
ana ninha;7 de novembro de 2022;N√£o consigo abri o aplicativo e j√° faz dias coloco a senha n√£o gera o c√≥digo j√° tentei v√°rias vezes com a chave de seguran√ßa e at√© agora nada e outra coisa tem que ir at√© o banco pra pegar a fatura poderia ser muito mais f√°cil se desse pra pegar pelo aplicativo e paga por ele mais nem isso n√£o facilita
Daniela Ferreira Marra;29 de outubro de 2022;Est√° com bug!!! n√£o consigo desbloquear o cart√£o, j√° instalei, desinstalei..... Toda vez que vou desbloquear, ele volta pra tela inicial pedindo a chave de seguran√ßa e na segunda tentativa da erro, (BUG). DIF√çCIL ASSIM üòû
Paulo Cesar Aguiar Filho;14 de julho de 2022;App muito ruim, n√£o serve pra nada, n√£o √© poss√≠vel exportar a fatura (d√° erro), n√£o existe a op√ß√£o de gerar o c√≥digo de barras para pagamento, no fim tem que ligar na central e esperar horas. App totalmente dispens√°vel!
Michele Dias;28 de setembro de 2022;Como o app teve atualiza√ß√£o, tentei usar novamente mas o problema continua o mesmo. Mesmo meu cadastro estando atualizado, continua dando erro de cadastro...
Mary Tasca;22 de agosto de 2022;P√©ssimo, s√≥ presta msm pra tirar mem√≥ria do meu celular, pq n√£o consigo gerar c√≥digo de barras pra efetuar o pagamento e toda hora que vc precisa voltar o app por algum motivo, precisa ficar colocando c√≥digo enviado por SMS que enche minha caixa de msg tirando mais memoria do meu celular. No m√≠nimo tinha que gerar o c√≥digo de barras pra pagamento , todo m√™s preciso ficar mandando msg pra gerente pedindo pra n√£o pagar juros pq pelos correios atrasa e eu acabo pagando juros.
Guilherme Nasseh;10 de outubro de 2022;O aplicativo simplesmente n√£o funciona. Demora para abrir e quando abre qualquer funcionalidade trava o app.
Vitoria Carla;7 de setembro de 2022;Aplicativo ruim, s√≥ serve para consulta de limite do cart√£o, a fatura n√£o chegou na minha casa e infelizmente est√° desgastante tentar pegar 2¬∞ via, pois o app n√£o fornece, liguei no fale f√°cil e a atendente disse que teria que ser no app, sendo assim minha fatura est√° correndo juros pelo p√©ssimo atendimento banc√°rio.
rodrigues rodrigues de araujo;22 de outubro de 2022;N√£o consigo entrar no aplicativo e v√™ minha fatura do cart√£o Amex ja liguei pra central e n√£o resolveram nada mandaram eu desinstalar o aplicativo a instalar digo-vos mas continua a mesma coisa
Maylon Carvalho;22 de outubro de 2022;Para ser ruim tem que melhorar, nao tem nem onde pagar a fatura do cart√£o, app in√∫til.
Hilton Carpanez;23 de outubro de 2022;Sempre quando tento abrir a fatura o app da erro e quando volto pede para acessar o login novamente.
Anderson Silva;20 de setembro de 2022;N√£o √© poss√≠vel baixar a fatura para pagamento, isso √© in√©dito, cart√£o empresarial e preciso correr atr√°s para conseguir pagar.
reginaldo andrade;21 de maio de 2022;P√©ssimo, voc√™ coloca todas informa√ß√µes de de cadastro e ele informa q est√° desatualizado, vc liga pro 0800 do banco, e depois pro cart√£o de cr√©dito e depois pro suporte t√©cnico do aplicativo, falam que o cadastro ta atualizado mas o erro do aplicativo continua e por isso n√£o funciona, eles passam quase 1 hora te transferindo um pro outro mas ningu√©m resolve nada.
Antonella Guarnieri;14 de julho de 2022;Aparentemente n√£o sou a √∫nica insatisfeita. N√£o vejo uma avalia√ß√£o positiva. Extremamente in√∫til. N√£o consegue fazer nada neste app. Nem sequer pagar uma fatura. Arcaico demais!
Rafael Val√™ncio Barbosa;6 de julho de 2022;Al√©m de ter que entrar no outro app do Bradesco para pegar a chave se seguran√ßa o aplicativo fecha se vc tenta entrar em qualquer campo dispon√≠vel. Ele s√≥ te mostra a p√°gina principal com um geral dos valores. Mas vc n√£o consegue entrar em fatura ou qualquer outro campo. Diz que tem que aguardar o desenvolvedor atualizar o app pra vc atualizar uma nova vers√£o, pois esse tem bug.
W Bennet (Airless Brasil);31 de agosto de 2022;Horrivel, at√© o Nubank que come√ßou ontem, tem melhor aplicativo que este. Lament√°vel n√£o conseguir acompanhar a fatura do cart√£o.
Alcilene silva;6 de setembro de 2022;APP horrivel! Fica toda hora saindo do APP e tenho q ficar entrando e n√£o consigo ver nada pq fica fechando...dif√≠cil hein
√çkaro Vasconcelos;4 de agosto de 2022;P√©ssimo app tentei de v√°rias formas pra fazer login e n√£o consegui, liguei duas vezes para central e ningu√©m resolve isso.
Marcelo Borges;3 de junho de 2020;Boa noite! Instalei o app, em um aparelho Ipad S.O IOS, quando executa o aplicativo, reporta solicitando atualiza√ß√£o de headers, ao clicar em atualizar, o processo n√£o evolui a tela permanece travada solicitando, atualizar este cabe√ßalho HTTP. Realizei a instala√ß√£o no S.O Android e o processo fluiu normalmente. Seria alguma incompatibilidade com o IOS do Ipad?
Carolina Barreiros Trevisan;8 de fevereiro de 2022;Nunca vi um aplicativo que pra funcionar precisa ser instalado com ajuda de uma Central de Atendimento via telefone, atendentes que n√£o saber ler, escrever ou conversar, totalmente despreparados!! Ao inv√©s de facilitar, s√≥ complicam a vida e tecnologia aqui passa longe e assim fica f√°cil saber porque as startups ganham cada vez mais espa√ßo.
Cesar Vinicius Izidoro;9 de julho de 2021;Aplicativo horr√≠vel! Imposs√≠vel de se fazer o cadastro no primeiro acesso, estou h√° mais de um m√™s tentando e todas as vezes o aplicativo simplesmente para de funcionar e fecha sozinho. J√° fiz contato por telefone na Bradesco Cart√µes e meu cadastro est√° atualizado, todas as informa√ß√µes corretas, mas √© simplesmente imposs√≠vel de acessar. Logo ap√≥s tentar criar uma senha o aplicativo para de funcionar. P√©ssimo servi√ßo, estou desistindo de tentar usar, j√° me tomou muito tempo e paci√™ncia.
Gardenia Silva;13 de outubro de 2020;Tentando cadastrar a dias ele da erro direto. Demora a enviar a senha para o e-mail e quando finalmente chega que vai colocar ele passa que esta vencida. Dif√≠cil. Ja desinstalei e instalei umas 10 vezes e continua a falha. Ja atualizei dados na central e nada.
Rosane Silveira;29 de outubro de 2022;Desinstalando de tao ruim!!!s√≥ da erro no entrar.
Pedro Della Volpe;1 de agosto de 2022;N√£o consigo cadastrar a senha. N√£o valida nunca, fica horas e n√£o termina a valida√ß√£o.
Joel Damann;24 de agosto de 2022;App n√£o funciona a metade das fun√ß√µes. Nem consigo ver extrato nem fechamento do cart√£o
daniela chaves teixeira;9 de setembro de 2022;O app livrou muito antes tinha como antecipar o pagamento do cart√£o e o mrsmo era liberado logo, agora n√£o sei pra que serve este app algu√©m poderia explicar o motivo dele existir
Douglas Neto;15 de julho de 2021;Desisto! 3 liga√ß√µes para o Bradesco e nada de resolver, diz que atualizaram cadastro mas no APP da sempre o mesmo aviso que precisa atualizar. Para variar, mais um problema com a plataforma. Ultimamente tenho colecionado problemas com o Bradesco! Triste!
Paty sodr√©;1 de maio de 2022;App aparecendo o mesmo erro de ligar pra central e atualizar cadastro o que j√° fiz milh√µes de vezes , sou informada que esta atualizado seguindo o mesmo erro. J√° enviei email para o apoio sem retorno. E pelo que vi aqui o mesmo erro aparece para quase todos e a resposta padr√£o de voc√™s √© enviar e-mail que tamb√©m n√£o resolve...na justi√ßa de repente resolve...
Andr√© Wurzmann;14 de setembro de 2022;P√©ssimo, n√£o permite acessar conta ou fazer primeiro acesso pelo app
Silv√¢nio Rosa Dos Santos;27 de outubro de 2022;N√£o gostei, n√£o visualiza fatura futuras.
Andrey Campos (AC);14 de maio de 2020;Erros. Atualize seu cadastro (tela de login) e Dados n√£o encontrados (tela de primeiro acesso). J√° atualizei. Erros continuam. SAC desligou na minha cara porque n√£o sabia mais o que fazer pra colocar o aplicativo funcionando. Acredito que se um aplicativo tem problemas de acesso a base de dados experimentais de usu√°rios, ou n√£o deveria ser lan√ßado ou deveria estar em fase beta.. Contudo espero que corrijam isso porque meus dados est√£o corretos e s√£o os mesmos desde 2007. Grato
Bazar e Papelaria Louise;10 de julho de 2022;Estou a uma semana tentando acessar i aplicativo tbm da erro de cadastro . Atualizo e nada mudaüôÑüôÑ
elizabeth menezes;13 de julho de 2022;Nunca consigo acessar esse aplicativo sempre da cpf n√£o localizado n√£o sei que marmota √© essa, cinseramente.
Churras Em casa Alex Xavier;30 de julho de 2021;Gente como pode um banco disponibilizar um app deste para seus clientes tive que fazer 8 cadastro por causa de erro ir at√© uma ag√™ncia pedir ajuda E por fim conseguir abrir a plataforma. Mas a√≠ vem a decep√ß√£o as informa√ß√µes que cont√©m no app n√£o s√£o claras e ainda n√£o tem op√ß√µes v√°lidas para tirar d√∫vidas sobre compras, pagamentos, saldo detalhado, devolu√ß√£o de valores quando a compra √© cancelada. N√£o tem nada do que adianta ter o trabalho de fazer um app que n√£o funciona? Tendo que ligar sac?
Santana Alves da silva;7 de setembro de 2022;Est√° pessimo consultar saldo s√≥ consigo visualizar uma v√™s depois apaga n√£o concgk mas visualizar
Claudinei Barroso;3 de julho de 2021;Horr√≠vel, n√£o consigo finalizar o cadastro no primeiro acesso, d√° mensagem pra atualizar o cadastro, liguei na central de atendimento, n√£o conseguiram me falar o que est√° errado ou faltando no cadastro, passei todos meus dados, tentei novamente e nada, fui na ag√™ncia, atualizaram tambem o cadastro, tentei novamente e nada, liguei novamente na central de atendimento me informaram pra enviar um e-mail pra eles com meus dados, obs s√≥ que esse tal email retornou falando que n√£o existe, P√©ssimo app!
Prof. Rodrigo Le√£o;7 de outubro de 2020;Ruim demais. Quando n√£o d√° erro no acesso, ele d√° erro ao tentar encontrar os cart√µes (isso, quando consigo acessar). Verdadeiro inferno. Preciso usar e n√£o consigo. S√≥ n√£o caio fora porque √© da empresa. Se fosse para ser um uso particular, Bradesco j√° teria me perdido como cliente.
moacyr gomes de lima junior gomes;3 de abril de 2022;Bia noite, tem tr√™s dias que estou tentando acessar a minha fatura, querendo fazer um parcelamento e n√£o consigo, j√° me mandaram atualizar mais de tr√™s vezes, j√° liguei v√°rias vezes e ningu√©m resolve nada, app p√©ssimo, infelizmente vou ter.que ir at√© ag√™ncia tendo outras coisas pra fazer, presta√ß√£o de servi√ßo horr√≠vel.
Vaclav Filho;16 de abril de 2022;P√©ssimo aplicativo e suporte pior ainda. Nunca consegui acessar, pois pede a todo momento para eu atualizar meu cadastro. J√° fiz isso umas 10x pela central de atendimento do banco, e nunca funciona. Agora preciso viajar ao exterior a trabalho, e o atendimento por telefone diz que s√≥ posso habilitar o uso do meu cart√£o no exterior por meio do app. Me colocaram numa situa√ß√£o delicada, e pelo visto v√£o me deixar na m√£o. Imagina se eu viajo e o cart√£o n√£o funciona? Nota zero para o Bradesco!
Igor Martins Cordeiro;26 de maio de 2020;O app simplesmente n√£o funciona corretamente, trava toda hora, fecha toda hora, n√£o aparecem os lan√ßamentos logo ap√≥s o uso e n√£o aparecem lan√ßamentos de alguns meses anteriores.
Irene Sarmentorufinorafael pereira;15 de setembro de 2020;P√©ssimo ja atualizei o cadrastro e sempre da erro depois de varias liga√ß√£o o atende simplesmente disse que o app nao funciona e esta em estado de teste ent√£o pq coloca para baixar e tem que treinar mas os atendente para dar informa√ß√£o correta logo no primeiro atendimento horrivel ja faz dois meses tentando e nada ligo para o numero e la tabem nao consegui resolver
Vlademi Sanches;19 de novembro de 2020;Simples at√© de mais, s√≥ da pra ver o limite e extrato. Deveria ter no m√≠nimo a op√ß√£o de antecipar compras parceladas. Atualmente no Bradesco pra pessoa antecipar parcelas de compras tem que ligar no fone f√°cil e passar 30min pendurado, ou ent√£o mandar um e-mail pra ser respondido em 3 dias... complicado viu!!
Leandro Martins;27 de abril de 2022;Tenho 3 cart√µes de uma outra empresa que trabalhei, est√£o cancelados,mas n√£o consigo tirar do app Quero deixar somente o que est√° ativo J√° liguei para os n√∫meros de atendimento e um joga pro outro dizendo que n√£o d√£o esse suporte. Quero resolver J√° desinstalei e instalei o app e nda App muito limitado deveria ter configura√ß√£o para excluir
AAS DIAGNOSTICOS;23 de maio de 2022;P√©ssima, pelo visto n√£o conseguem consertar o bug do app, as queixas s√£o √†s mesmas! "Erro cont√≠nuo" ... Manda atualizar o cadastro... Seus sistemas n√£o interagem entre os seus departamentos? Gastam milh√µes em marketing e esqueceram do investimento no funcional! √â muito triste! Na minha santa ignor√¢ncia...
Fernando Simon;13 de julho de 2022;Inacredit√°vel que o app de um banco como o Bradesco seja t√£o ruim, todo santo dia √© um stress simplesmente abrir o app. E o pior que sabem que do erro, e n√£o corrigem, n√£o me sinto bem em reclamar, mas n√£o tem como elogiar.
David Elias;9 de junho de 2022;Meu aplicativo p√©ssimo, para acessar voc√™ precisa entrar em outro app logar, pegar o token gerado e depois voltar no app... Totalmente ruim e a interface horr√≠vel!
Rita De Cassia Ritinha;25 de junho de 2022;N√£o consigo nem instalar o aplicativo. J√° possuo o Bradesco da minha conta por√©m recebi o cart√£o de cr√©dito e n consigo usar. Meu tel possui espa√ßo mas na hora de baixar fica baixando a vida toda e nunca termina .
Arthur Pipolo -ALP;23 de maio de 2022;P√©ssimo! Baixei para desbloquear meu cart√£o e s√≥ d√° erro pedindo para eu atualizar meus cadastros na ag√™ncia. Ocorre que todos os dados est√£o devidamente atualizados.
Ailton Ferreira Santos;2 de outubro de 2021;Infelizmente, o APP simplesmente desapareceu da tela... Fui ao Play Store e vidualizei... Paguei algumas contas... Como w expirou e nao mais consigo executar as transacoes... Esgota no meio o tempo... E nao consrguir reinstalar! Nao da para entender!!!
Bell Vianna;1 de julho de 2020;Aplicativo simplesmente n√£o funciona. Fala que os dados est√£o incorretos mas os dados est√£o corretos. Pessoal do SAC nao consegue por pra funcionar. Atualizam o cadastro mas mesmo assim continua dando erro.
Paulo Henrique Barreto Santana;31 de maio de 2022;Um retrocesso, nunca vi um app t√£o p√©ssimo, nada funciona, n√£o tem como imprimir fatura para pagamento, n√£o gera c√≥digo de barra, um verdadeiro lixo
Doug Souza;10 de setembro de 2020;Esse App n√£o atualiza as compras feitas de imediato como o app cart√µes PF, as informa√ß√µes que esse App nos d√° tem no App da conta jur√≠dica, ou seja n√£o me ajuda em nada e n√£o tem diferen√ßa sobre as informa√ß√µes que temos acessando a conta, caso atualizem em tempo real o hist√≥rico de comprar eu volto p requalificar, mas por enquanto EU N√ÉO VOU USAR. espero ter ajudado quem estiver na d√≠vida
Denio Caixeta;29 de setembro de 2022;P√©ssimo, na era da impress√£o digital, temos que ficar buscando chave em app de pessoa f√≠sica. PESSIMO
Jos√© Lindoso;8 de setembro de 2022;Esse app deveria sincronizar com seus dados j√° cadastrado no banco por√©m n√£o completa o cadastro dizendo que vc precisa atualizar seus dados lhe orientando a ligar no banco s√≥ que vc liga e ningu√©m sabe lhe orientar, deveria ter algu√©m respons√°vel pelo app.
Bruno e Gabriel Eng;20 de maio de 2022;Zero estrela! N√£o consigo de jeito nenhum acessar a fatura ou solit√°rio a segunda via. O pior app de cart√µes que j√° tive.!!!
Edson Jos√© Ferreira;28 de maio de 2022;Aplicativo muito ruim, fiz tudo certinho a√≠ diz que a chave est√° errada sendo que o pr√≥prio Bradesco que informa a chave, p√©ssimo app. Acho o aplicativo n√£o funciona s√≥ diz tente mais tarde
Jo√£o Batista Lima Jr;5 de setembro de 2020;Qual a utilidade um app que n√£o faz nada? N√£o te d√° 2a via da fatura, boleto, nada. Tive que ligar para o telefone e passar raiva com o p√©ssimo atendimento telef√¥nico. Parece que fazem curso para ser o pior poss√≠vel no telefone.
Rogerio ‚ÄúWorth‚Äù Almeida;15 de setembro de 2021;P√©ssimo, ap√≥s a √∫ltima atualiza√ß√£o n√£o funciona mais, s√≥ d√° erro ( Ocorreu um erro, por favor tente novamente) est√° assim h√° dois dias ... Demora pra apontar o pagamento e agora o app n√£o funciona m, que n√£o d√° nem a op√ß√£o de baixar a fatura, terr√≠vel...
Rodhan Muzy;24 de maio de 2021;O aplicativo n√£o atualiza a fatura em tempo real, somente o limite usado, imposs√≠vel controlar os gastos dessa forma. Login e troca de senha tamb√©m n√£o s√£o din√¢micos.
Cleber Teixeira;23 de mar√ßo de 2021;Muito dif√≠cil tem que fazer um cadastro pelo telefone antes de conseguir acesso. Tentei tr√™s vezes fazer o cadastro pelo telefone na √∫ltima fiquei 30min para atendente dizer que o sistema estava fora do ar. N√£o FUNCIONA!!!
Maria De lourdes;7 de outubro de 2022;Uma dificuldade em instalar o App
Raphael Villanueva;28 de agosto de 2020;P√©ssimo igual ao Bradesco, se n√£o conseguem fazer um app decente que funcione porque colocar para baixar? Simplesmente n√£o sai da tela de login, nem o cadastro vc consegue fazer pq dar um erro logo no in√≠cio, mais uma vez dou uma estrela, pq por mim n√£o teria nenhuma, p√©ssimo aplicativo!!!
S√©rgio Andr√© Buffara Filho;28 de outubro de 2020;Nunca funcionou! Sempre diz que tenho que atualizar os dados cadastrais, mas os mesmos j√° se encontram atualizados! J√° tentei atualizar novamente, liguei para tentar resolver e nada! P√©ssimo app
Samanta Ribeiro;19 de fevereiro de 2022;N√£o se consegue acessar nunca. Sempre acusa falta de atualiza√ß√£o de cadastro. J√° fiz atualiza√ß√£o duas vezes pelo fone f√°cil, e nada. Vc pede ajuda na ger√™ncia do banco, e nada. Enfim...
jefferson costa;27 de julho de 2020;P√©ssimo aplicativo. N√£o funciona. Bradesco tem uma equipe de atendimento para cuidar de tudo referente ao aplicativo e igual a ele tamb√©m n√£o funciona. Perda de tempo.
Yuri Sanches;4 de maio de 2022;Bom dia,estou tentando visualizar minha fatura ,mais n√£o abre e o app fecha apresentando um bug. J√° desinstalei duas vezes e o problema continua.
Maria Izabel Martins Vicentini;9 de dezembro de 2020;Este APP n√£o est√° bom ele trava e bloqueou minha conta e est√° bloqueada ainda j√° fiz de tudo para desbloquear m√°s n√£o consigo, e n√£o aceita mais a mesma senha e j√° tentei com outra senha mais n√£o desbloquea eu gostaria de saber se tem como desbloquear para qu√™ eu possa ter acesso em minha conta !!
Mari Linharess;9 de agosto de 2020;Praticamente n√£o tem funcionalidade! N√£o consigo visualizar a minha fatura e tampouco pegar o c√≥digo de pagamento.... O que aparece das transa√ß√µes n√£o teem boas visualiza√ß√µes..
Ramon Alves;6 de outubro de 2020;Horr√≠vel, p√©ssimo aplicativo, atendimento inoperante, isso porque √© o atendimento PJ, que em tese √© melhor. N√£o consigo entrar no aplicativo para ver nada, nenhuma informa√ß√£o, erro atr√°s de erro.
Maria de Lourdes;8 de agosto de 2021;Boa tarde. N√£o consigo entrar pra ver minhas faturas, d√≠gito n√∫mero do cart√£o √© a senha √© diz que o meu padrasto est√° bloqueado e manda ligar para a Central mas ningu√©m resolve nada, e n√£o se mais o que eu posso fazer para ter o app funcionando.
Carla Francoise Rossi Silva;4 de maio de 2022;Fazem 2 meses que estou tentando acessar o app , j√° fiz atualiza√ß√£o do meu cadastros umas 5 vezes , j√° mandei email para a central de apoio , para obter ajuda, mas at√© agora sem resposta , e continuo n√£o conseguindo acessar o app.
Priscilla Ferreira;25 de fevereiro de 2021;Abaixei o a app e logo de cara n√£o funciona gostaria de saber qual e a Provid√™ncia que o app tomara sobre o ocorrido aparece na mensagem que ocorreu um erro tentar mais tarde isso se repete por v√°rias vezes
Elias Joaquim;11 de maio de 2021;Horrivel esse app Bradesco,ja usava a um bom tempo,sempre deu problemas,agora desistalou do cel,reinstalei novamente,mas nao consigo entrar mais,pede chave de seguranca,quando tento entrar diz que estou desconectado, levei no banco 2 gerentes tentaram tbn e n√£o conseguiram,nem com o wi fii do banco entra,por sorte nao pude pagar o cartao de credito, pq n consegui acessar o codigos de barras, parabens bradesco,sempre inovando.
Rafael Reis;20 de setembro de 2021;N√£o consigo nem acessar o app, ele pede pra ligar na central e atualizar o cadastro. J√° liguei 2 vezes e nada da o mesmo erro.
marcelo ferreira bernardo;24 de junho de 2021;Horr√≠vel ja liguei pra central e atualizei meu cadastro atendente disse pra q eu aguardasse 24hrs para poder ter acesso so q ja faz mais de um m√™s e smp q tento usar ficar pedindo pra fazer atualiza√ß√£o de cadastro ü§¨ desisto passou longe de ser ruim porque na minha opini√£o √© P√âSSIMO Obs: s√≥ dei uma ‚≠ê porque n√£o tem cm opinar sem üò°üòí
Maikon Novaes;9 de abril de 2022;Pior aplicativo que ja vi. Tenho mais de trinta liga√ß√µes pra central de atendimento e nunca consigo acessar, acho que deve ter um submundo dentro do aplicativo!
Emerson Freitas;8 de novembro de 2021;Sou o titular da empresa e n√£o consigo acessar as informa√ß√µes, como envio de fatura via e-mail ou qualquer outra coisa, liguei no atendimento e mandaram uma carta de responsabilidade para preencher como se n√£o fosse o titular, palha√ßada isso, tanto no APP, quanto no desktop.
Luis Henrique;21 de setembro de 2020;Vou dar 1 estrela n√£o consigo usar o aplicativo. J√° entrei em contato para atualizar os dados, como √© solicitado no primeiro acesso, mas nada, sempre da a mesma mensagem, atualize seus dados. Complicado usar esse aplicativo.
Um usu√°rio;22 de setembro de 2021;Que aplicativo p√©ssimo! Faz mais de duas horas que estou tentando acessar para desbloquear o cart√£o, mas ele sempre apresenta erro na hora de salvar a senha.
D√©cio Damasco de Souza;26 de agosto de 2021;Pessoal, appl √© muito ruim.... Liguei para saber onde encontro a fatura para pagamento. Me disseram que o aplicativo n√£o funciona no Samsung Note10. Bradesco, troque de t√©cnicos. Pois estou muito satisfeito com o meu celular
Claudia Grum';12 de novembro de 2020;P√©ssimo, nunca consegui acesso, diz que precisa atualizar dados, liguei na central e me asseguraram de que estava tudo ok, novamente tentei e nada... p√©ssimo, n√£o recomendo!
Felipe Nascimento;4 de julho de 2020;Aplicativo horr√≠vel, da erro ao logar, mas ao insistir muito e conseguir logar, ele n√£o passa da parte onde clico no cart√£o, logo em seguida da um erro de novo
Darcylene Soares Figueira;7 de novembro de 2020;Instalei no tablet e n√£o consegui acessar. Coloco a senha e... nada. Frustrante, coloco esqueci senha surge msg de erroü§îüòï "Talvez o app n√£o esteja otimizado para esse dispositivo" Viva o app do Banco do Brasil, CEF e carrefourüôÇ
Gidalva Sarraf;17 de fevereiro de 2022;Verdadeiro lixo , apos a instala√ß√£o pede para atualizar o cadastro, sendo que o meu cadastro est√° atualizado, simplesmente n√£o funciona, perda de tempo.
Lucas Leopoldino;5 de mar√ßo de 2022;A mais de 20 dias t√¥ tentando fazer meu cadastro e n√£o consigo, aparece uma mensagem dizendo que tenho que atualizar meu cadastro. J√° atualizei e cadastro pelo APP empresas e APP pessoa f√≠sica e mesmo assim n√£o consigo fazer o cadastro..
Gerailton Costa Da Silva;26 de fevereiro de 2021;Bradesco que apk √© esse? S√≥ falhas! Consertem isto, pois os aplicativos do banco funcionam normalmente. Mais esse de cart√µes PJ √© muito ruim. Horr√≠vel, s√≥ lamento.
Amanda Peregrino Faria;2 de outubro de 2021;Lixo! Ao inv√©s de facilitar, s√≥ irrita, no meu caso ficam pedindo p ligar na central e atualizar dados, peguei informa√ß√µes diretamente na agencia e inseri, mas nada de dar certo.
Jania Maria Serrao;18 de outubro de 2021;Preciso de um app bradesco no qual verifique saldo de minha conta corrente, fa√ßa transfer√™ncia, pagamento com pix. Essa vers√£o √© boa, por√©m, n√£o √© o que estou precisando.
Arleson Sousa;7 de outubro de 2022;N√£o consigo verificar quanto tenho de cr√©dito e saque no meu amex.
Andr√© Gutierrez;5 de maio de 2021;N√£o consegui cadastrar minha senha de acesso pelo app, tive que acessar o site. Agora com a senha cadastrada o app simplesmente cai quanto tento logar. Estou sem acesso nenhum.
Luiz C;10 de setembro de 2020;App n√£o funciona e as poucas vezes que abria n√£o tem op√ß√£o de extrato, quando era direto no Amex funcionava muito bem, inacredit√°vel um banco do porte do Bradesco n√£o disponibilizar um app que funcione
Bruna Batista;10 de maio de 2022;Pior aplicativo, nunca consegui entrar, sempre pedem para atualizar o cadastro e ligar para central de atendimento. Horr√≠vel.
Ver√¥nica Souza;13 de setembro de 2021;Estou tentando acessar e n√£o consigo, ele volta o tempo todo para tela inicial, vou em primeiro acesso preencho e tudo e ele retorna , o 0800 n√£o √© permitido de celular e ningu√©m,mas no mundo tem telefone fixo.
Vinicius Nennemann;27 de abril de 2021;Realmente aplicativo n√£o vale nada pede para atualizar os dados na central sendo que j√° t√° tudo atualizado. Para que fazer um aplicativo desse que n√£o serve para ajudar n√≥s clientes. (Lixo lixo n√£o presta)
Adriana Lacerda;24 de mar√ßo de 2022;N√£o consigo acessar o app. Tento pelo biometria e nada, digito a senha e nada. Parece que fica congelado no primeira tela do app. Horrivel esse aplicativo.
Felipe Pesci;20 de maio de 2020;nao aparece a fatura para pagar...toda vez tem que ligar na central para fornecer o numero do codigo de barras para pagar... por favor corrir, pois do jeito que est√° o aplicativo √© quase in√∫til.
Leticia Freitas;23 de mar√ßo de 2022;Estou a uma semana tentando fazer meu primeiro acesso e pede atualiza√ß√£o cadastral, j√° fiz e nada adiantou . Pra completar ainda bloqueram meu cart√£o. P√©ssimo atendimento!
Renato Santos;30 de agosto de 2022;Muito lento para a gente entra, s√≥ est√° a minha obicervacao
eletroinfo;17 de junho de 2020;N√£o acredito que o erro grotesco de portugu√™s passou despercebido pela equipe. "√ötimo" √© o fim da picada, d√° impress√£o que √© um app de pishing.
Campo Jo;21 de agosto de 2022;N√£o funcional ,deviam excluir no play story
Renato Rodrigues;20 de abril de 2022;Aplicativo p√©ssimo n√£o funciona 02 meses tentando e nada toda hora pede pra atualizar o cadastro N√£o sei o mais precisa atualizar. Nota zero pra esse aplicativo .
Danielle Justino;19 de fevereiro de 2021;P√©ssimo aplicativo, todos os meus dados est√£o atualizados e para o primeiro acesso continua aparecendo a mensagem que preciso ligar na central para atualizar dados.
Matheus Borges;16 de maio de 2020;O aplicativo apenas da a op√ß√£o de visualizar o valor da fatura. N√£o consigo efetuar o pagamento da fatura, ou visualizar c√≥digo de barras.
Alisson Pedroso;22 de setembro de 2022;N√£o tem como utilizar digital.
Geila santos;26 de janeiro de 2022;Precisam adicionar a op√ß√£o de 2¬∞ via de fatura. Esse app n√£o tem nada do que precisamos. √â in√∫til...
mariane castro;26 de setembro de 2021;Horr√≠vel simplesmente parou de funcionar, d√° erro na hora de salvar a senha... imposs√≠vel usar!
Melry Santos;9 de agosto de 2022;P√©ssimo assim como os fusionario do banco o pior de todos os banco. Sinceramente n√£o d√° pra usa esse lixo e muito menos o cart√£o
Paulo Bambam;11 de agosto de 2022;App horr√≠vel n√£o abre caraca melhorem esse app n√£o abre
Valdeir;7 de maio de 2020;Aplicativo muito limitado deveria ter fun√ß√µes como outros aplicativos da concorr√™ncia √© complicado o acesso,trava muito estou muito insatisfeito.
Francisco Marques;9 de maio de 2021;Aplicativo horr√≠vel, 03 dias tentando fazer meu primeiro acesso e s√≥ d√° erro... Lament√°vel um banco como o Bradesco com uma App t√£o ultrapassado.
Licya Sousa;3 de junho de 2020;P√©ssimo...Para fazer o primeiro acesso n√£o da certo o longin de forma alguma. Diz q os dados est√£o incorretos sendo q n√£o est√£o.
Icaro Avante;3 de setembro de 2021;Estou h√° horas tentando colocar os c√≥digos de verifica√ß√£o. Cada vez uma etapa d√° erro. Desisto desse app
Valdeline Rodrigues;17 de agosto de 2022;N√£o consigo ter meu primeiro acesso. Pois coloco meu CPF correto e diz: erro tente novamente
Andr√©ia Uchoa;13 de agosto de 2021;Se tivesse como n√£o dar nenhuma estrela, mas, sou obrigada a ter que dar umazinha, infelizmente, pq nem isso merece. Aplicativo nem horr√≠vel √©, √© abaixo disso , nem conseguir acesso, eu consigo . Nota: D√ì !
Simone Ribeiro;7 de dezembro de 2020;Os meu dados j√° est√£o atualizados na central e o aplicativo n√£o entra mandando ligar na central para atualizar os dados, mas os dados j√° est√£o atualizados.
Leidiane Dias;30 de junho de 2021;N√£o consigo cadastrar nada por aqui pede para atualizar os dados na central ,liguei atualizei junto com uma atendente e continua dando erro ...para que serve esse app se n√£o nos ajuda em mada ?
felipe lopes;3 de agosto de 2021;Realmente o problema √© geral mesmo, imposs√≠vel cadastrar, n√£o tem informa√ß√µes na central de atendimento... Rouba muito tempo e paci√™ncia de quem precisa trabalhar...
monica pugliese;16 de maio de 2022;P√©ssimo, s√≥ v√™ o extrato do cart√£o, n√£o mostra a fatura com c√≥digo de barras para pagamento.
Raimundo Nonato Teles De Oliveira;11 de novembro de 2021;P√©ssimo app, estou a horas tentando abrir e n√£o consegui, pq fica s√≥ tenta mais tarde, eu preciso do app pra pegar minha fatura. O meu cart√£o √© BradesCard visa Gold da C&A
Sonia Almeida;21 de julho de 2021;Horr√≠vel n√£o consigo cadastra no primeiro acesso , n√£o consigo v√™ senha, n√£o consigo consultar limite . Afinal n√£o consigo usar o cart√£o n√£o consigo fazer nada
Rizzo Dog Training;28 de outubro de 2022;Pior app de cart√£o que j√° vi na vida!
Hildonete Dourado;27 de mar√ßo de 2021;Decepcionada com esse APP. N√£o d√° pra entender um APP t√£o ruim vinculado ao Bradesco. Um lixo!!! S√≥ serve para irritar!!
Suzi Helena Alves;26 de maio de 2022;P√©ssimo aplicativo! Pedindo pra atualizar o cadastro, meu cadastro t√° atualizado a muito tempo.
Rob√©rio Costa;29 de maio de 2022;P√©ssimo, o mesmo erro de todos, pede para atualizar cadastro.
Adriana Albuquerque;2 de junho de 2022;Ocorrendo: erro inesperado tente mais tarde, ja tem v√°rios dias e n√£o sai disso.
Alex Monteiro;5 de julho de 2022;Aplicativo p√©ssimo como o Bradesco. N√£o funciona. Itau da uma banho no incompetente Bradesco
Camila Ferreira;30 de maio de 2022;O aplicativo est√° com erro a dias e a central n√£o consegue auxiliar. P√âSSIMOOOOO
Neily Lobo;21 de maio de 2022;Nem consegui fazer login, cliquei em primeiro acesso e quando clico para continuar aparece uma mensagem de erro
Leandro Silva;4 de novembro de 2021;Pessimo, n√£o consegue pagar a Futura pelo aplicatico, mostra saldo na tela, mesmo n√£o tendo, um dos piores aplicativos que j√° usei
Semiranis Cassia dias;24 de fevereiro de 2022;Pessimo aplicativo ,lixo s√≥ fica fora do ar ,n√£o entra s√≥ fica travado, traduzindo e um lixo.
Evandro Machado;13 de abril de 2021;N√£o √© poss√≠vel utiliz√°-lo. Pede para atualizar dados cadastrais mesmo com os dados atualizados. N√£o faz sentido üòï
Abmael Ribeiro silva;26 de mar√ßo de 2022;Instalei para n√£o ter que ligar para estes telefones que n√£o resolvem nada, mas foi justamente o que pediram,para atualizar o cadastro
Regia Soares Borges;16 de julho de 2021;Aplicativo simplesmente horrivel, se vc formata o celular perde a chave de seguranca e s√≥ consegue recuperar no banco.
Cesar Silva;15 de mar√ßo de 2022;Pessimo APP Suporte pior ainda,fui at√© na ag√™ncia pra resolver o aplicativo n√£o funciona s√≥ pede pra atulizar cadastro,muito insatisfeito.
marizete pereira;20 de outubro de 2021;N√£o estou usando o app,est√° cobrando de mim uma conta que tinha cancelado, e ainda mandou um cartao pra mim .nem desbloqueou.
Ivoni Luiz;12 de maio de 2021;P√©ssimo aplicativo o banco bloqueou minhas mensagens SMS cart√£o de cr√©dito liguei l√° dizendo que era s√≥ pelo aplicativo para desbloquear e meus dados n√£o entra no aplicativo a Bia tamb√©m n√£o funciona indigna√ß√£o total juros e taxas vem no cart√£oüò°üò°üò°
lene.martins martins;5 de junho de 2021;Baixei o aplicativo mas n√£o consigo acessar fala que deu erro √© complicado assim de primeira d√° erro at√© agora n√£o consegui ver nada fatura limite nada
Paulo Ramos;2 de setembro de 2022;O bot√£o bloqueio some e n√£o consegue desbloquear sem ligar
Amanda Ledur;10 de fevereiro de 2022;N√£o entendi para que serve este aplicativo. N√£o consigo obter a fatura do cart√£o de cr√©dito por ele. Isso √© o m√≠nimo que se espera de um aplicativo de cart√£o de cr√©dito.
Micaele Cristine;14 de novembro de 2021;Horr√≠vel, vive pedindo pra atualizar as informa√ß√µes, consigo entrar s√≥ as vezes.
Leandro;8 de julho de 2021;Aplicativo horr√≠vel! J√° tentei acessar h√° v√°rios dias e n√£o consigo criar uma senha. Uma vergonha!
G&S Moda √çntima;21 de novembro de 2020;Estou tentando acessar mas da que preciso atualizar meus dados, habituei na Central e t√° tido certinho os dados.
Fabricia Lima;13 de outubro de 2020;App p√©ssimo j√° liguei fiz atualiza√ß√£o cadastral e mesmo assim continua pedindo atualizado, n√£o consigo entra.
Jocilene Pereira;3 de outubro de 2021;Horrivel n consigo enta no apricativo guando coloco tudo que me pedi o apricativo sai da lista um desrespeito com o usuario se n funciona pra que que coloca üòµ.
Joao Paulo;8 de janeiro de 2022;N√£o consigo a fatura do cart√£o, por via nenhuma a 15 dias tentando e nada . Mas os juros n√£o deixar√£o de serem cobrados , pois j√° est√° no vencimento e n√£o consigo a fatura.
Wilson Santos Jr;26 de maio de 2022;N√£o consigo ver extrato. N√£o d√° op√ß√£o de criar cart√£o virtual.
Thiago Machado de Oliveira;3 de dezembro de 2020;Aplicativo horr√≠vel, nada funciona. S√≥ trava N√£o gera cart√£o virtual, n√£o faz nada.
Le√¥ncio Sousa Sousa;13 de agosto de 2021;Falta op√ß√£o no pr√≥prio App, para renovar senha no caso de esquecimento, fora isso o App √© muito bom.
renato fran√ßa;22 de outubro de 2020;Horr√≠vel. Manchando a imagem do Bradesco. Ser√° que n√£o tem algu√©m que enxergue como tamb√©m os coment√°rios aqui existentes? Muito desrespeitoso com os clientes. N√£o consigo sair da fase 2 das 4.
Giancarlo Molinari (pombimsjb);21 de setembro de 2022;APLICATIVO ¬¥P√âSSIMO, AO CLICAR PARA VER A FATURA ELE ENCERRA, FICA EM SEGUNDO PLANO CONSUMINDO BATERIA ABSURDA, S√ì SERVE PRA VER LIMITE, MAIS FACIL LIGAR NO 0800
Nelson Tiago Muller;17 de novembro de 2020;Aplicativo n√£o serve nem para trocar o endere√ßo de envio da conta, s√≥ ocupa espa√ßo no celular.
Rita Moraes;11 de agosto de 2020;Me chamo Rita.A muito tempo sou correntistas do Bradesco. Mais no meu cart√£o antigo chegou uma d√≠vida que foi comprovada que n√£o era minha.mais na hora a menina falou que tinha que bloquear o cart√£o. Maldita hora que fui fazer isso.Estou sem cart√£o de 4 para 5 .Agora chegou um cartao sem senha N√ÉO consigo entrar no App e tambem fui no correio e nada.Ja fui no Bradesco a menina da porta falou que eu n√£o precisava perder meu tempo.Porque a senha vem pelo correio.Daria para resolver este poblem
Elizabete Gomes Damascena;23 de outubro de 2021;Falta muitos recursos, pr√≠ncipalmente demostrativo de compras online. Precisa melhorar muito
Grupo Di√°rio Publicidade;18 de mar√ßo de 2021;Tenho o cart√£o Platinum e n√£o consigo logar por isso √© horr√≠vel, preciso acompanhar os gastos e n√£o posso.
Rosana Luz - Atitude Turismo;12 de julho de 2021;Horr√≠vel, n√£o consigo consultar fatura h√° meses.. no app do banco, tamb√©m n√£o d√°..
Um usu√°rio do Google;31 de mar√ßo de 2020;Grande experi√™ncia! F√°cil navega√ß√£o e com servi√ßos essenciais para o portador de cart√£o PJ!!!
Um usu√°rio do Google;21 de mar√ßo de 2020;Agora ficou mais f√°cil fazer a gest√£o dos meus cart√µes. Ansioso por novas funcionalidades!
Um usu√°rio do Google;21 de mar√ßo de 2020;Fant√°stico aplicativo. Parab√©ns ao banco pela iniciativa e a quem desenvolveu o aplicativo!!!! Excelente!!!
Levi Barbosa;19 de outubro de 2020;Horr√≠vel.... apresenta muitos erros ao logar, n√£o mostra as informa√ß√µes correta.
Lucas Fontanari;27 de dezembro de 2020;Nao deixa acessar, o app fica insistindo que os dados precisam ser atualizados.
Geisa Rosa dos Santos;18 de agosto de 2021;Mesmo realizando o cadastro junto com a central de atendimento, n√£o foi poss√≠vel concluir. Horr√≠vel.
Eliomar Santana;7 de setembro de 2020;Muito ruim esse aplicativo,Tenho cartao visa cargo ao portador pj e baixei o aplicativo mais quando boto meu cpf pra fazer o primeiro acesso da erro e manda tentar novamente e nunca passa do primeiro passo
Murilo Esteves;20 de abril de 2021;Facilitou e muito o meu dia a dia, agora tenho autonomia para fazer a gest√£o completa do meu cart√£o corporativo!
Aaoliver Oliver;4 de dezembro de 2021;P√©ssimo aplicativo N√£o d√° pra acessar nada pois o mesmo pede senha sem ter uma cadastrada.
Victor Hugo Malta Ara√∫jo;17 de agosto de 2021;N√£o √© poss√≠vel pagar fatura do cart√£o atrav√©s do app, isso deveria ser algo de prioridade a ser revisto
Jeisinha Rodrigues;8 de fevereiro de 2022;App ruim n√£o consigo acessar de maneira alguma, coloco o CPF por√©m sempre ocorre um erro e n√£o consigo seguir
Maria Aparecida Trento;17 de maio de 2022;P√©ssimo aplicativo pede toda vez para atualizar cadastro.nao consigo ter asesco a minha fatura a decep√ß√£o.
Vivalci Alves Dias;23 de fevereiro de 2022;Avaliar. O. App n√£o tenho. Muita esperiencia mas fala da minha conta e dispositivo. Incluem,. E s√£o p√∫blicas. As. Facilidade do app e muito boa. E. Tem que. Ter muita. Responsabilidade
Jean Martins;18 de janeiro de 2021;P√©ssimo. Estou a horas tentando desbloquear um cart√£o. Erro a todo momento!
SABRINA DUARTE;17 de novembro de 2020;P√©ssimo s√≥ pede para atualizar dados, sendo que est√° tudo atualizado.
Patricia Agostino Fraga;11 de janeiro de 2021;Aplicativo horr√≠vel, quase nenhuma funcionalidade e sempre com erros
Francisca Augusto Moreira Moreira;8 de outubro de 2021;P√©ssimo app, n√£o est√° dando opcional para acessar minha conta simplesmente n√£o funcionou.
Ana Nunes;14 de julho de 2021;N√£o consigo fazer cadastro, coloco o CPF e n√£o passai da√≠, n√£o funciona, por enquanto n√£o recomendo o APP.
Lais Miranda;13 de outubro de 2021;N√£o consigo acessar o APP, sempre aponta erro... Lament√°vel Bradesco, melhora a√≠....
Sandro Lima07;16 de janeiro de 2021;Um baita sacanagem deixei meu cart√£o bloqueado, fui utilizar o mesmo e do nada tiraram a op√ß√£o de bloqueio e desbloqueio, tive que ligar na central pra desbloquear meu cart√£o.
Miqueias Alves;13 de julho de 2021;App horr√≠vel üòï....... m√≥ 'canseira' Preciso controlar meus gastos e n√£o consigo nem acessar... S√≥ aviso de erro üòïüòïüòïüòïüòïüòï
Leandra Brasilino;11 de junho de 2020;P√©ssimo, s√≥ aparece mensagens de erro n√£o permite impress√£o de boletos.
Elyedson Galvao;9 de setembro de 2020;N√£o funciona fala que tem que atualizar os dados e os dados est√£o corretos mensagem pupj404
Wanderson Ribeiro;30 de maio de 2020;Nada funciona. Esperei 1 m√™s pra ver se atualizavam, e nem isso.
Jo√£o Victor Braga;22 de outubro de 2021;O pior banco que eu j√° me associei na minha vida, todos os aplicativos d√£o erro,.n√£o consigo ver minha fatura, nos dias de hoje isso √© uma vergonha ! Manter conta ativa em um banco sem acesso f√°cil pela internet seria uma burrice sem tamanho ! Adeus Bradesco.
Neuza Elineuza;30 de maio de 2021;Horr√≠vel nenhum aplicativo do Bradesco t√° prestando.o BradesCard s√≥ d√° bloqueado e esse nem consigo fazer o cadastro n√£o sei pra que serve horr√≠vel 000 atrelado
Gabriela Santos;5 de fevereiro de 2021;Horr√≠vel n√£o consigo nem fazer o meu primeiro acesso.Eeu sei que n√£o e culpa da minha internet,o app de vcs e que n√£o presta venho tentando j√° faz dias e nada.
Observador;14 de abril de 2022;Bom dia!! Podia ter op√ß√£o de pagar boletos no cart√£o de cr√©dito.
Dpano Dpa;30 de agosto de 2020;Nao funciona . pede atualiza√ßao. Mas dados estao atualizados.
Chronos M.D;20 de abril de 2021;N√£o permite visualizar a fatura e nem a data de vencimento, por favor ...Help
Paulo Ramos;12 de dezembro de 2021;Muito lento as atualiza√ß√µes as vezes demora 5 dias para entrar os gastos, isso √© ruim tanto pra gente quanto pro banco, um eventual roubo ou clonagem s√≥ percebe 1 semana depois. Santander e Ita√∫ o gasto entra imediatamente ap√≥s a compra
Samuel Gomes;27 de outubro de 2020;Bom dia. Eu nao estou conseguindo ter acesso ao aplicativo e n√£o consigo ligar pois esta dando errado
Mirla Aparecida De Jesus Cabral;5 de setembro de 2020;Achei que as pessoas estavam exagerando, mas realmente √© imposs√≠vel acessar o App.
Marco Antonio Dutra;14 de maio de 2020;Quando coloco o usu√°rio e senha, o aplicativo simplesmente fecha! N√£o consigo acessar!
Georges Hanasi;5 de dezembro de 2020;J√° n√£o gostava do PF.... O PJ √© 1000 vezes pior. App abandonado pelo TI da Bradesco. Imposs√≠vel usar e n√£o se irritar
Dafne Jaune;18 de agosto de 2021;Como a maioria est√° dizendo: um lixo, s√≥ d√° erro! Como podem por "no ar" um app medonho desses? Quem √© o programador hein? Despede! Por essas e outras que bancos f√≠sicos est√£o perdendo espa√ßo para os bancos online. N√£o consigo tirar um cart√£o de d√©bito novo, em breve o meu para de funcionar, a√≠ sabe oq vou fazer?! Migrar tudo e todas minhas movimenta√ß√µes pro banco PAN!
Anderson Francisco Da Silva;7 de julho de 2020;2 dias tentando criar uma senha de acesso ao aplicativo e nada de dar certo.
Marilia Ferrari;5 de dezembro de 2021;Nunca consegui acessar esse aplicativo...sempre d√° erro sempre pede atualiza√ß√£o nunca deu certo
Aluvidros Vidros;8 de abril de 2021;N√£o vi nada interessante nesse app, s√≥ mostra O saldo do cart√£o.
Walter Rosa Gon√ßalves Filho;8 de julho de 2021;N√£o consigo acessar. S√≥ d√° erro. Tive que ligar para saber informa√ß√µes.
Isaias Gouveia;24 de maio de 2021;A ideia √© boa...mas o aplicativo e muito confuso e tem muitos bugs
Cl√°udia Cini;25 de setembro de 2021;P√©ssimo n√£o consigo fazer o cadastro porque o c√≥digo de verifica√ß√£o da inv√°lido.
Anabeli Gomes;8 de outubro de 2021;Horr√≠vel, n√£o funciona o b√°sico. O App mal abre um saco.
Jucelio Le√£o;24 de agosto de 2021;Eu n√£o consigo acessar a cenha do cart√£o pelo app, isso √© rid√≠culo, √© o pior app de banco que tem
Kleber Lemos;25 de janeiro de 2021;Um lixo! J√° tentei instalar umas 20 num tablet Galaxy e sempre diz que t√° dando erro e pra tentar depois!
Luiz Marques;2 de abril de 2021;P√©ssimo aplicativo. Toda vez que tento acessar, fica dando erro
Marcilene Aparecida;24 de outubro de 2020;Aplicativo horr√≠vel!!!!!! N√£o consigo cadastrar, s√≥ perdendo tempo üëéüëéüëé
Milton Jorge;6 de outubro de 2020;Muito burocr√°tico apesar de ser pr√°tico, n√£o se resolve nada por esse aplicativo. Isso faz negativar a imagem e o nome desse banco.
Elivelton Gomes;30 de novembro de 2021;Mesmo ap√≥s o desbloqueio n√£o consigo acessar o app, horr√≠vel!
WALTER OLIVEIRA FILHO;26 de novembro de 2020;Visualiza√ß√£o ruim e incompleta dos lan√ßamentos.
Valquiria Macedo;29 de dezembro de 2021;Boa tarde, recebi meu cart√£o estou tentando acessar com minha senha esta dando erro inesperado do nada ele n√£o fala que senha est√° errado s√≥ fala pra tentar novamente mais tarde
Rafael Faelzinho;2 de setembro de 2020;N√£o funciona fica aparecendo a mensagem de erro toda hora.
Armando Martins;15 de mar√ßo de 2022;Piada ? Nunca consegui usar o aplicativo ai vc liga na "central" NAO RESOLVEM NADA e simplesmente CONTINUA NAO funcionando !! Como todos aqui "atualizar cadastro" √© negocio √© mudar de BANCO
Gleudson Gomes;25 de novembro de 2020;P√©ssimo, n√£o tem op√ß√£o de segunda via de fatura do cart√£o de cr√©dito.
Arist√≥teles L√≠nine;22 de outubro de 2021;Voc√™ consegue fazer 2 coisas nesse aplicativo. Instalar e desinstalar. Inclusive recomendo a 2¬™ op√ß√£o
renata barbosa;9 de outubro de 2020;N√£o consegui o acesso pelo meu tablet. Preciso de ajuda, porque pelo meu telefone eu tamb√©m n√£o consigo.
Jo√£o Batista de Oliveira;14 de setembro de 2021;Bom cartao ,mas sera melhor se continuar sem mensalidade.
Marlene Mahovlic;2 de outubro de 2020;ESte aplicativo simplesmente N√ÉO FUNCIONA. Depois da d√©cima tentativa, FUI
Eliseu De Souza Antunes;19 de novembro de 2021;Esse aplicativo √© uma droga recebi o cart√£o mas n√£o estou conseguindo cadastrar o meu cart√£o e criar a senha de 6 digitos pra desbloquear
Adelaide Andrade Gama;5 de novembro de 2020;Aff, horr√≠vel, sempre dando erro na hora de cadastrar.
Wellington Silva;20 de agosto de 2022;Esse app veio pra mudar a hist√≥ria das empresas
Francisco Olismar;2 de setembro de 2022;App p√©ssimo n√£o serve de nada
Eliz√¢ngela Hosana;6 de junho de 2020;Horr√≠vel, quando vou digitar uma senha nova, da erro.
Caroline Aparecida Primiani;24 de mar√ßo de 2022;N√£o funciona, toda hora fica dando erro gen√©rico!
Leonardo Guimaraes;2 de junho de 2022;Pior aplicativo do mundo !!! N√£o consegue acessar a fatura, liguei pra central pra pedir c√≥digo de barras atendente falou que n√£o pode informar ??????como voc√™s fizeram pra pagar a fatura me ajudem ?? Pois √© pagar e vou cancelar imediatamente
Bethania Pereira;21 de fevereiro de 2022;Aplicativo p√©ssimo, muito lento n√£o entendo por que .
Pequenos Store;14 de maio de 2022;P√©ssimo j√° reenistalei um monte de vezes e n√£o consigo visualizar a senha
Willyam Taufner JR;5 de fevereiro de 2021;Este aplicativo e um lixo, n√£o serve para nada, n√£o tem a op√ß√£o de imprimir a fatura... N√£o sei para q perder tempo em colocar um lixo deasi para o cliente utilizar... aplicativo Bradesco PJ lixo... Tira este luxo do acesso ao cliente e toma vergonha #bradeacolixo...
Eduardo Ewert;29 de setembro de 2020;N√£o consigo cadastrar meus cart√µes. Mais de um m√™s ligando na Central de Atendimento no Banco e ningu√©m consegue resolver nada
Neide Souza Morais;4 de maio de 2022;Quero ter acesso a minha fatura do cart√£o, n√£o consigo. Quero ter acesso a fatura do meu cart√£o mas eu n√£o consigo.
Um usu√°rio do Google;1 de abril de 2020;Tentei cadastrar , mas aparece informa√ß√µes inv√°lidas nao entendi mais nada agora
Tatiane Menezes de Andrade;23 de maio de 2022;Nunca consegui nem meu acesso! J√° liguei 30 mil vezes na central e naaaaaaadaaa
Neia Costa;27 de julho de 2020;J√° baixei 3 vezes e desinstalei ele pede a senha digito e aparecer senha inv√°lida n√£o vou instalar mais.
nivia maria nih;7 de setembro de 2020;Nem se quer abriu para primeiro acesso est√° s√≥ dando erro.üíî
Alexandre Leal;31 de julho de 2020;N√£o funciona, coloco dados do cart√£o, diz que n√£o existe. ü§î
Diego Bonilha;25 de mar√ßo de 2021;Parab√©ns consegui cadastrar minha senha e acessar muito obrigado consigo ver o extratoi era isso que precisava
Dalva de Souza Gon√ßalves Rodrigues;27 de novembro de 2021;Muito bom aplicativo pra saber todas as compras que fa√ßo Recomendo pra todas as pessoas.
Laura Da Silva Santos;4 de agosto de 2020;P√©ssimo aplicativo preciso de abaixar o aplicativo no celular e n√£o consigo pede pra eu ligar na central ligar para que se eu s√≥ quero abaixar o aplicativo no celular
SILVANA DE SOUZA ROSA;6 de julho de 2022;J√° me arrependi de te-lo desbloqueado, a gente n√£o consegue entrar no aplicativo.
jean carlos;17 de agosto de 2021;Muito no meu primeiro. Assesso j√° deu erro. Vamos melhorar isso vou desinstalar
Jacyelle Mayane;10 de maio de 2022;Pessimo, n da nem pra puxar a fatura, liga pra central e eles n√£o passa o c√≥digo de barras e nem libera o site, conta PJ horr√≠vel
Flavio Kawaoku;2 de julho de 2020;Nunca funcionou no meu aparelho. Ap√≥s inserir a senha o app fecha.
Carlos Ney Neres Pereira;3 de outubro de 2021;E um aplicativo que d√° aseso as plataformas de todo que vc procura e muito üëç
S√©rgio;29 de junho de 2022;Horr√≠vel n√£o consegui acessar, s√≥ d√° erro
josevanderlei Souza;5 de novembro de 2022;N√£o serve para nada
Angelica Puerta;9 de julho de 2020;Afff,√± consigo entrar sempre da um erro, que complicado a gente querer falar √© √± conseguir ,,,,,meu Deus
DOUGLAS GOMES;27 de setembro de 2021;Horr√≠vel, perde pra muitos app de cart√µes.
Betty Erthal;7 de abril de 2021;Preciso desbloquear meu cart√£o de cr√©dito e n√£o consigo entrar no App.
Gustavo Paz;1 de agosto de 2021;Decepcionado com esse app, j√° perdir as contas da quantidade de tentativas para acessar a minha conta. üí©
Isnael Paiva;27 de setembro de 2020;Simplesmente n√£o funciona! Absolutamente nada.....
Matheus Ribeiro;8 de julho de 2021;Nunca perdi tanto tempo num aplicativo t√£o ruim. Usabilidade 0.
catia gamarra;31 de agosto de 2020;P√©ssimo ,s√≥ d√° tente novamente e dados incorretos affs
Uemerson Sousa;13 de julho de 2022;Muito ruim para concegui acesso ao app
Talita Tabachi;19 de julho de 2021;Uma bostas daria nem uma estrela ,n√£o consigo me cadastrar para acessar a fatura ,n√£o sai da primeira parte do CPF.
Fabio Carvalho;13 de maio de 2020;Falta um App para PF que funciona em tablet tamb√©m. Porque s√≥ PJ? Se possui como voc√™s dizem, onde est√° ent√£o?
Lilianlima Pereira;20 de fevereiro de 2021;N√£o consigo atualizar 0 app....enquanto √± consigo como fa√ßo pra ter informa√ß√µes da fatura‚òπ
Suelen Nascimento;1 de dezembro de 2020;Muito bom mas ocupada muito o espa√ßo no celular
claudio monteiro;31 de outubro de 2020;P√©ssimo, todo os meses √© horr√≠vel de acessar minha fatura
Cleomar Barbosa;14 de julho de 2021;Pior APP de cart√µes que eu j√°, pior que n√£o fazem nada pra melhorar.
Mayara Herzog;23 de fevereiro de 2021;Esse banco continua com tecnologia ultrapassada, enquanto a concorr√™ncia j√° com tecnologia artificial, o Bradesco continua sendo Bradesco
Roberto de jesus;21 de janeiro de 2022;P√©ssimo atendimento pra desbloquear meu cart√£o novo n√£o gostei muito ruim
Fabr√≠cio Graciano;5 de agosto de 2020;Um banco como o Bradesco top e um aplicativo de lixo.. frusta√ß√£o total.
IARA PRADO SOUSA CORREIA;2 de junho de 2021;Precisa melhorar Ter adiantamento de fatura Ter como pagar valores antecipados Precisaria ficar bem igual ao aplicativo bradescar
Geisielly Lima;12 de abril de 2022;Pior app, todo bugado , muito ruim msm , p√©ssimo, experi√™ncia horr√≠vel
Claudenice Barbosa;5 de dezembro de 2020;O App pede o meu CPF , eu informo meu CPF e s√≥ aparece "ocorreu um erro , tente novamente" mas n√£o √© a internet @#$%*
Fabio Antonio;31 de mar√ßo de 2021;Aplicativo in√∫til! Um banco do tamanho do Bradesco tinha que ter vergonha de ter um app t√£o in√∫til como esse.
denise sally;4 de abril de 2021;Nao consigo abrir o aplicativo, todos os codigos d√£o inv√°lidos
Adriana Esp√≠ndola;8 de abril de 2022;Op√ß√£o de pagamento de fatura e visualizar fatura n√£o existe??? Me diz qual a fun√ß√£o desse aplicativo??? Encher a mem√≥ria do celular???
Cicera Morais;5 de outubro de 2021;Esta conta n√£o est√° abrindo por favor tem como resolver o problema desse aplicativo
Gilmara F√©;28 de janeiro de 2021;N√£o encontrei o app que precisava , o que me d√° pra baixar n√£o atende minhas necessidades. Horr√≠vel
Eduardo Alende;7 de outubro de 2020;Vou dar uma estrela porque n√£o consegui assesar o app,quando pede a senha ele da como erro do app
Deivid Bonin;28 de mar√ßo de 2022;N√£o funciona op√ß√£o de extrato, da erro.
Mirian Souza Diniz;5 de janeiro de 2022;N√£o consigo nem entrar com meu CPF sempre a mensagem ocorreu um erro
Andr√© Lu√≠s Costa;28 de setembro de 2021;Boa tarde !!! A op√ß√£o para desbloquear o cart√£o foi suprimida ap√≥s a √∫ltima atualiza√ß√£o. Como devo proceder?
Jaqueline Semeando vida;27 de agosto de 2020;P√©ssimo , s√≥ fica dizendo que ocorreu um erro
Um usu√°rio do Google;25 de mar√ßo de 2020;√ìtimo aplicativo, adorei a ideia. Parab√©ns equipe Bradesco.
AnaCristinaMR AnaCristinaMR;5 de maio de 2022;Pq o app do banco Bradesco n√£o se encontra dispon√≠vel na loja do app para tablet e pq apagam os meus comet√°rio!?
Aline Alves;27 de julho de 2021;P√©ssimo pelo que estou vendo √© o mesmo problema para todos.
Laudicea Gomes Da Silva;21 de maio de 2021;Meu aplicativo t√° bloqueado e n√£o consigo desbloquear j√° liguei e pra preciso do aplicativo
F√°bio Carlos;26 de novembro de 2020;S√≥ funcionou no primeiro acesso, depois ficou p√©ssimo.
Yuri Daglian;6 de maio de 2022;Horr√≠vel. Simplesmente n√£o funciona.
Dh√¢ndara Ma√≠ra Santos Nunes;26 de outubro de 2021;Muito ruim recusa a senha e da erro
Brenda Pinheiro Pantoja;16 de agosto de 2021;Meu aplicativo n√£o acessa, s√≥ d√° erro!!
Cleonice Moreira;23 de outubro de 2020;Ruim.de mais..S√≥ da erro e agente n√£o consegue nada
Josimario Santos;19 de fevereiro de 2021;Nao entra no app da erro ja de inicio
Jose Ricardo de souza Ricardo;22 de dezembro de 2020;N√£o d√° nem pra tirar fatura. Nem mesmo pra ver elas
Paulo Coltri;2 de novembro de 2021;N√£o funciona s√≥ d√° erro
Maria Ines;19 de junho de 2021;Nao gostei desse novo app prefiro o anterior e como fazer para parcelar a fatura?
Jos√© Roberto da Silva;19 de maio de 2021;Bom atendimento, funcion√°rio sempre atenciosos.
Giovani Jussen;16 de outubro de 2020;Muito ruim o pessoal do suporte n√£o sabe de nada
Wagner Carvalho;9 de julho de 2021;N√£o consigo abrir o app muito ruim
Um usu√°rio do Google;20 de mar√ßo de 2020;Aplicativo imprescind√≠vel para quem √© portador de cart√£o PJ... Diversos recursos na palma da m√£o.. Shooow
D√©bora Rafael;28 de novembro de 2021;N√£o d√° pra acessar, s√≥ d√° erro.
Rudney Gil;8 de junho de 2022;Fica vermelha e n√£o d√° op√ß√£o nenhuma
Levy Oliveira;12 de agosto de 2020;O email j√° foi enviado mais ainda n√£o obtive resposta
Martiniano Gama;13 de novembro de 2021;Muito pratico e eficiente.
Genivaldo Gon√ßlves;8 de mar√ßo de 2022;P√©ssimo, n√£o consegui completar o cadastro.
Fk Sn;15 de novembro de 2020;N√£o abre diz que √© beta mas beta pelo menos deveria conceder acesso, n√£o entendo um beta que n√£o permite acesso
Um usu√°rio do Google;17 de mar√ßo de 2020;√ìtimo app. Quem produziu deve ser muito bom no que faz.
Alexandre Duarte D√≠as;4 de maio de 2021;Est√° muito confuso .excesso de An√∫ncios
Um usu√°rio do Google;9 de abril de 2020;N√£o estou conseguindo cadastrar o meu cart√£o Da erro !
james reis;13 de julho de 2021;N√£o consigo fazer um simples cadastro
valmor Figueira;23 de fevereiro de 2022;Infelizmente √© lixo, n√£o conceguir acesso.
Fabius Ferus;3 de mar√ßo de 2022;APLICATIVO IN√öTIL!! COMO UM APLICATIVO DE CART√ÉO CR√âDITO N√ÉO TEM A OP√á√ÉO PARA VER O BOLETO??? VOC√äS QUEREM QUE N√ìS PAGUEMOS COMO?? SENDO QUE A CENTRAL N√ÉO MANDA MAIS O BOLETO POR EMAOL?? QUE BANCO TERR√çVEL!!!!
Alaide Martins;31 de outubro de 2022;J√° tenho contas
Jose Roque;16 de agosto de 2022;Sempre trazendo o melhor resultado para o correntista
Clovis Mendes Trindade Filho;2 de novembro de 2020;S√≥ fica pedindo pra atualizar o cadastro...
Um usu√°rio do Google;7 de abril de 2020;Nao estou conseguindo acessar o meu cart√£o est√° dando informa√ß√µes errada
Ricardo Souza;20 de dezembro de 2021;Nao consigo finalizar a instala√ßao do aplicativo.
Valquiria Maria;17 de novembro de 2021;N√£o estou conseguindo entra pra catrasta meu cart√£o t√° muito ruim
Eliana Braga;18 de setembro de 2021;Desinstala√ß√£o feita com sucesso
Ana Maria De Paula;14 de dezembro de 2021;N√£o consigo acessar minha conta Depois dessa atualiza√ß√£o
Maria Serra;11 de junho de 2020;Sempre uso, tem sido eficiente para minhas necessidades.
Natal√≠cio Antonio;4 de novembro de 2022;n√£o estou conseguindo instal√° app do Bradesco
Clovis De Bona;8 de outubro de 2020;Fa√ßam a soma dos gastos da fatura aberta. App bem defasado comparado aos outros Banco.
Daniel Lucas Lucas;16 de junho de 2021;O mercado livre √© muito bom d√™ comprar.
Arnaldo Santos;24 de mar√ßo de 2021;Estou a tentarbinstalar a aplicacao no tavoet e e imposs√≠vel
Maria Silva Luz;7 de agosto de 2021;TENHO recebido toda a aten√ß√£o devida. Parab√©ns aos funcion√°rios Bradesco. Gratid√£o
Eliane;12 de agosto de 2021;Horr√≠vel. N√£o permite nem cadastrar o CNPJ da conta
alisson alvesmoura;27 de maio de 2020;Parabens bradesco por sempre complica a vida dos clientes. Aplicativo um lixo
maria madalena;1 de junho de 2022;Pedimos como tudo da Bradesco que nem desbloquear um cart√£o consigo
clodomiro costa batista Miro;15 de novembro de 2021;Muito bom esse aplicativo, por ele fa√ßo tudo muito r√°pido
Fernando Dias Paes;11 de julho de 2021;Q descaso, n√£o funciona nunca.
Um usu√°rio do Google;17 de mar√ßo de 2020;√ìtimo aplicativo. Parabens ao Bradesco
Wellington Pereira;29 de novembro de 2021;Erro atr√°s de erro, bizarro.
Safira Silva;17 de dezembro de 2020;tentei me cadastrar mas n√£o passei nem da primeira. Horr√≠vel esse app
Um usu√°rio do Google;15 de abril de 2020;P√©ssimo ningu√©m atende √© um jogo de empurra
Maria Cotegipe;13 de junho de 2022;At√© agora est√° perfeito n√£o est√° me dando problema
Duvalino Andrade de Carvalho Carvalho;7 de julho de 2022;est√° me deixando irritado!n√£o consigo pagar contas.8
Jo√£o Novaes Santana;9 de julho de 2022;Vamos arrumar o apricativo para pagar a fatura pelo amor de Deus t√° dif√≠cil
Tiago Carvalho;16 de agosto de 2021;APP muito inst√°vel
Paullo Andre√©;1 de outubro de 2020;Qeria saber se pelo o aplicativo Aki da pra mim aumentar o limite do meu cart√£o da loja americana
Andressa Matias Oliveira;9 de maio de 2021;O app n√£o funciona. üëé
F√°tima Mendes;1 de fevereiro de 2022;Quero ver os aplicativos funcionando por favor
Mariadelurdes Ortiz;22 de dezembro de 2021;Porque n√£o consigo fazer o cadastro da conta pelo app
Daiane Freitas;29 de maio de 2021;Deveria ter a op√ß√£o de acesso ao c√≥digo de barra da fatura do cartao.
Solange Souza;29 de julho de 2020;N√£o consigo concluir meu cadastro tela sumiu a√≠ como fica
Helder Mathias Lopes;10 de novembro de 2020;O nome √© cart√£o PJ, mas ao abrir essa P0rr@ d√° a op√ß√£o de colocar somente o CPF. O Bradesco e suas "Bradescagens"... Banco de quinta categoria!
NIVANDA JESUS;24 de agosto de 2020;N√£o estou gostando, n√£o estou conseguindo entrar na minha conta.
Maria Chaves;10 de novembro de 2021;Muito bom ter conta no Bradesco
Naide Sanches;30 de julho de 2021;MeuID de publicidade. 16ce3968-d23f-4f66b--baf3-ebaf3-ebdd8c63a6c6.N ai de. Bradesco Cart√µes PJ Postar Avaliar este App.. meu vivo.134/500.
Lucas S;12 de novembro de 2020;N√£o tem nada nao da pra parcelar fatura
Gildo Silva;14 de novembro de 2022;Gostei muito da conta Bradesco
Cleiton Moraes;24 de fevereiro de 2022;Nem consegui acessar o aplicativo.
Heber Alessandro dos Santos;4 de janeiro de 2021;O Bot√£o de bloqueio/desbloqueio sumiu!!
ligiamaria Ligia Maria;30 de julho de 2021;Esse aplicativo do Bradesco t√° de mas t√° ruim de mas
Lindinalva Cavalcanti;9 de dezembro de 2020;N√£o t√¥ conseguindo baixar um o aplicativo denovo.
Celso Pinto;24 de agosto de 2020;Boa tarde pq √± consigo baixar o aplicativo? Manda que eu atualize meus dados
Marco Aurelio Neiva;20 de maio de 2021;Esse √© o pior app que tive o desprazer de tentar utilizar
Jesanara Ferreira;22 de maio de 2021;N√£o conseguir abrir o appü§¶...
George Leite Araujo;23 de janeiro de 2022;N√£o consigo acessar, o cart√£o √© PJ e pede CPF para acesso ...
Pizzaria Betell Top Das Galaxias;3 de novembro de 2020;Pra que gastar tempo fazendo um aplicativo que n√£o da pra fazer nada?
Cristiane Silva;25 de agosto de 2020;Nao consigo atualiza meu cadastro
Guilherme Mendes;15 de mar√ßo de 2021;App n√£o presta,n√£o serve pra nada üëéüèΩ
Getulio Silverio;2 de agosto de 2021;Muito bom ter uma conta no Bradesco
Leoni Cunha;10 de janeiro de 2021;N√£o t√° baixando a fatura em pdf
Felixmar Pereira Castro;17 de setembro de 2021;√â muito importante para mim eu preciso muito bom legal
Um usu√°rio do Google;7 de setembro de 2021;Bom dia muito √≥timo pra trabalho
FABIO SANTANA;6 de novembro de 2021;O app nem abre,se pudesse dava 0 estrela
Driane Nobre;27 de setembro de 2021;Gosto muito desse trabalho com Bradesco...
Vasconcelos Consultor Automotivo;14 de fevereiro de 2022;Diz que tem que atualizar o cadastro sendio que estou realizando o primeiro cadastro
maze reis;12 de dezembro de 2021;P√©ssimo, n√£o consigo acessar.
Agnado Jardinagem;10 de fevereiro de 2022;Tenho conta conjunta com minha esposa mais s√≥ ela tem o aplicativo no celular agora quero ter tamb√©m
Darci Petrucci;10 de agosto de 2020;Qual aplicativo que devo abaixar para acessar minha conta corrente exclusive?
Ricardo Mizael;10 de outubro de 2020;Mi fez fazer um empr√©stimo sem querer..e n√£o consigo cancelar
Rose Eduardo;19 de setembro de 2020;Aplicativo n√£o funciona para empresas, est√° pedindo o CPF e n√£o o CNPJ.
ROSE TRINDADE;25 de abril de 2021;Abaixei e n√£o funciona
Cristiano Moreira Paula;23 de mar√ßo de 2022;Eu simplesmente n√£o consigo fazer login...
Gra√ßa Tr√™s;4 de outubro de 2021;Peximooo s√≥ fica dando ocorreu um erro Peximo! Peximo!
Sergio Dias;2 de agosto de 2021;N√£o gosto muito atendimento p√©ssimo
Celia maria Da Cruz De Souza;25 de maio de 2021;p√©ssimo nao consigo ,consultar meu cartao de credito
Um usu√°rio do Google;31 de mar√ßo de 2020;Muito legal o app, recomendo...
Rogerio Maciel;5 de julho de 2021;n√£o tem op√ß√£o de sacar fatura para pgt
Marlon e Luiz Miguel Oliveira;13 de dezembro de 2020;N√£o consigo imprimir boletos de fatura
Denise Maria;1 de junho de 2021;N√£o consigo instalar o app
Hemerson Cristian;24 de novembro de 2021;Para ser lixo, tem que melhorar...
Olga Dinah Nobre Ferreira;31 de mar√ßo de 2022;Este App Bradesco Cart√£o √© s√≥ para pessoa jur√≠dica?
Luciano Galego;14 de mar√ßo de 2022;N√£o consigo cadastrar nesse app
Ferreirinha Jose;10 de junho de 2021;N√£o consigo acessar a fatura do meu cart√£o
Richarlis Ribeiro;16 de setembro de 2021;Imposs√≠vel fazer o acesso.
Tania Urias;28 de junho de 2021;Zero pra esse aplicativo, s√≥ d√° erro
Larissa Ara√∫jo;6 de junho de 2020;N√£o estou conseguindo acessar a conta
Thiago Erick;14 de agosto de 2021;Horrivelll mais lento que minha av√≥ de 102 anos
alexsandro pires.;3 de mar√ßo de 2021;Orrivel. todos os aplicativos
Marcos Fran√ßa;24 de setembro de 2020;Esse aplicativo √© horr√≠vel
santina marques;11 de junho de 2021;P√©ssimo nunca consegui entrar
Jhonas Rocha;10 de fevereiro de 2021;Ruim n√£o consigo acessar minha conta
Luciano Silva;15 de julho de 2021;Esquece nao funciona de geito nenhum
S√©rgio Cassio;7 de agosto de 2021;N√£o consigo acessar a minha conta
Src.066rc Rc;3 de setembro de 2021;l√° 8 o valor do ensaio de
Jo√£o Carlos Santos;19 de outubro de 2020;N√£o estou conseguindo entrar
ANTONIO CARLOS GOMES ATAIDE;10 de mar√ßo de 2021;No celular e complicado
Maria Nilce Barbosa;15 de maio de 2022;Eu queria tanto ter um cart√£o Bradesco
Geovanen Marques;5 de maio de 2020;Nao vale nada dizem que e pra prdir seu cartao mas nao passa de babozeira
Marly santos souza;4 de mar√ßo de 2021;Eu nao tor consegundo entra no app
Rafael Solo;24 de agosto de 2021;O aplicativo √© horr√≠vel
Dionizio Ferreira;8 de maio de 2021;Est√° sem abrir
monaliza santana;27 de julho de 2021;O aplicativo nao acessa ruim
Sandra Aparecida;28 de abril de 2022;N√£o consigo acessar minha conta
Sione Oliveira;2 de outubro de 2020;N√£o consigo cadastrar meu cart√£o
Gl√≥ria Maria Ferreira Da Silva Ferreira Da Silva;15 de fevereiro de 2022;Maravilhoso e mu√≠to bom importante
Lindalva Rosa;5 de fevereiro de 2021;N√£o estou conseguindo entrar na minha conta
Michael Bitencourt;10 de junho de 2021;Imposs√≠vel de fazer cadastro.
Bruno Mueller;9 de junho de 2021;Muito ruim. Muito mesmo.
Elma Tv;24 de julho de 2022;Eu achei otimo
Leticia Silva;14 de abril de 2021;Nem percam o tempo baixando
Setorista Fla Memes de informa√ß√£o;29 de abril de 2021;N autentica , fica dando erro
Marta Brugguer;16 de julho de 2021;Sou idosa, mudaram minha AG√äNCIA E ENVIARAM UM CART√ÉO DE D√âBITO COM O CHIP COM.DEFEITO! N√ÉO ESTOU PODENDO SACAR DINHEIRO. ME DERAM UM PROVIS√ìRIO, POR√âM FII SACAR 650 REAIS. N√ÉO SAIU O DINHEIRO ENA 2 TENTATIVA SAIU. POR√âM, N√ÉO HOUVE ESTORNO NA CONTA. SOU EXTREMAMENTE MAL ATENDIDA. H√Å MAIS DE 20 DIAS PEDI OUTRO E AT√â AGORA NADA. TAMB√âM JUNTARAM 2 BCOS EM.UM S√ì. SOU FUNCIONARIA P√öBLICA E TIVE QUE MUDAR DE BANCO.MINA AG √â 0540. CONTA417272_8. NINGU√âM ME DEIXA ENTRAR BCO.NEM TELEFONE ATENDE! ATENTIMENTO P√âSSIMO E FUNCION√ÅRIOS MAL EDUCADOS! IREI PROCURAR MEUS DIREITOS! MARYA ARA√öJO MARQUES DE OLIVEIRA.
elias soares;5 de abril de 2022;N√£o consigo instalar
Jorge Oliveira;24 de mar√ßo de 2021;Desbloqueio do aplicativo
Luzinete Jorge;30 de janeiro de 2021;N√£o consigo nada nele
Joelma Henry;1 de outubro de 2021;Desde de julho que os clientes est√£o reclamando, hj √© 01/10 e ainda n√£o resolveram???? Que ABSURDO!!!!
J.Amorim Amorim;4 de setembro de 2020;Baixei, pediu cpf, e ja era. Nao passa disso. Piada, mesmo, viu?
Um usu√°rio do Google;6 de novembro de 2021;N√£o consigo entrar
Brasilina Eugenia matos;27 de julho de 2021;Muito ruim aplicativo
Rodrigo Dias marinhop;15 de junho de 2022;O meu tamb√©m aparece autorizar
Anderson Junqueira;26 de agosto de 2020;Nao consegui estalar esse aplicativo
Anelita Da Silva Santos;23 de janeiro de 2021;Precisa melhorar mais.
Romeu Galdi;26 de abril de 2021;Onde est√° o app pessoa f√≠sica?
Gustavo Concon;7 de junho de 2022;Agora foi pessoal, obrigado.
Samanta Bezerra;11 de julho de 2020;Eu n√£o consigo baixar o app.
vitor goes;15 de abril de 2021;Sera que √± tem um aplicativo bradesco que preste
EVA IZABEL DOS SANTOS;17 de maio de 2021;Quero um cartao do Banco Bradesco para fazer compras paseladas e mercado ja tenho comta no Bradesco comta corente L
Monica Regina;21 de junho de 2021;Como fa√ßo pra cancelar o cart√£o de d√©bito
Mazer Nunes;24 de junho de 2022;Preciso de uma nova senha pois perdi a minha como faz
Iranildo Pedro;1 de fevereiro de 2022;N√£o tem assesso ao c√≥digo de barras
Bernadeth S. Oliveira Cabral;5 de maio de 2021;Instala√ß√£o do app Bradesco
CELIO Luiz de fran√ßa;5 de fevereiro de 2021;Muito bom gostei üòÉ
Maria Novas;1 de agosto de 2020;S√≥ da erro n√£o quero mais ufa
edileuza calheiros;23 de abril de 2021;Primeira vez usando aplicativo satisfeita
Paulo Cosendei;20 de setembro de 2021;N√£o consigo istalar
Amilta Fernandes;10 de outubro de 2020;Eu escolher outros Banco pra receber Bradesco fora do vale
Paulo S√©rgio dos Santos;2 de outubro de 2021;O app n√£o finciona
Osnar Lima;9 de julho de 2021;Queria saber se dar para fazer cart√£o virtual nessas conta pj alguem sabe me responder
Gomes Joimara Joimara;21 de mar√ßo de 2022;√â desgra√ßa presta nada
Edmar Edmazao;11 de janeiro de 2022;pecimo n√£o me atendeu em nada.
Antonio duarte santos Duarte santo;24 de abril de 2021;Nao estou consguindo baixar o App.
Julio Cesar;19 de janeiro de 2022;√ìtimo muito bom
GEORGINA Botelho;14 de novembro de 2021;Ebom soque odinhero cai r√°pido
Roseni Camargo Machado Rose;3 de abril de 2022;Quero meu aplicativo Bradesco que eu asso minhha conta na√µ tou conseguindo
Luciana Maria;7 de dezembro de 2021;P√©ssimo esse aplicativo
Milu de Souza;1 de janeiro de 2022;Vesperar Pra ver se presta
Jos√© Carlos (Kazeca);27 de abril de 2022;Satisfeito BOM BOM
ely jos√© machado;28 de outubro de 2021;Ourives. Bradesco PJ, pede CPF, quando deveria CNPJ.
graciele tatiane de oliveira santos;1 de fevereiro de 2022;N√£o tenho que reclamar
SOS Tem de tudo;13 de novembro de 2021;Cara que banco horr√≠vel
andreza martins do vale;3 de julho de 2020;So da erro no sei la o que..
Yuri meus filhos netos tudo que pm Silva;28 de dezembro de 2020;Cart√£o bradescard c&a
Esther sophia;21 de junho de 2021;Atualiza√ß√µes com financeiras
Bruno Farias dos Santos;5 de junho de 2021;App lixo banco lixo odeio esse banco
Edilania Silva;23 de novembro de 2021;P√©ssimo esse aplicativo üëé
Erivaldo Farias;24 de agosto de 2022;Legal.muinto bom
faria donizete;1 de outubro de 2021;Agrade√ßo de cora√ß√£o
Paulo 980 Leon&&;30 de setembro de 2020;√â a primeira vez espero que de tudo certo
Midian Lima;1 de junho de 2022;Espero que seja bom
coisa de irm√£o;9 de agosto de 2022;Lixo üí© Lixo lixo lixo lixo lixo lixo lixo
Analice Correia Rocha;25 de maio de 2020;Quero Sabe onde meu benef√≠cio foi
Alcilene Gomes;28 de abril de 2021;N√£o gostei n√£o
Lu Coelho;11 de julho de 2020;N consigo fazer nada aqui
J Afonso;27 de setembro de 2021;TUDO DO BRADESCO NO MEU CASO FOI P√âSSIMO P√âSSIMO P√âSSIMO
Sandra Izaura;25 de fevereiro de 2022;Nao concigo entra no bradesco cartaoa
Irene Votu;29 de abril de 2022;J√° sou Criente do BRADESCO 0k .
gon√ßalo ferreira de oliveira;19 de novembro de 2021;Como desbloquer cartao elo novo
Raimundo nonato Silva Teixeira;5 de mar√ßo de 2021;Luxo este a plicativo
Maria Jose;28 de janeiro de 2021;Cart√£o de cr√©dito
Marcelo Murat;9 de maio de 2021;Fraco. Ruin. Amador.
Ana Rita Tourinho;28 de mar√ßo de 2022;Preciso desse cart√£o
Nallva Barreto;11 de maio de 2022;Bom dia mais
Um usu√°rio do Google;4 de abril de 2020;Dando erro PUPJ.P000
Sebasti√£o Souza;20 de maio de 2021;Foi muito bom
Aracy Ferreira;7 de maio de 2021;Eu acho bom
Vera Lucia;13 de dezembro de 2021;P√©ssimo..Faz a pessoa de idiotaüò°üò°üò°üò°üò°üò°üò°
Fabio Jose;11 de janeiro de 2022;Quero.um Bradesco . Fecibuque.nao.paga.e.maravilpso
Pedrinho do TI;16 de julho de 2020;Mais ou menos
Um usu√°rio do Google;28 de abril de 2020;NAo gostei e ohh
EDUARDO FF CLX Ferreira;12 de janeiro de 2021;Francisco de Assis Candido da silva
Manoel Ribeiro;30 de julho de 2020;minha.conta.1915.agencia.6990.6 manoel.ribeiro.dos.santo
blegue souza;26 de setembro de 2021;Jo√£o.f Boa
Ant√¥nio leite da costa Leite da costa;24 de abril de 2022;M√°rcia Cruz vieira
Francisco Vitor;12 de maio de 2020;Eu guero cart√£o um de guretido
Xxx Silva;13 de abril de 2021;Clodomir. Da. Rosa
Raimundo Pereira dossantos;24 de outubro de 2022;Muito bom
Renata Borim;30 de setembro de 2022;Horr√≠vel üòû
Denize Santana;9 de outubro de 2022;Excelente
Marcio Lessa;3 de outubro de 2022;Bom
Leocir Paulo Rotava;21 de setembro de 2022;Poucas informa√ß√µes... Layout ruim.
tibiracemar ribeiro;12 de setembro de 2022;13456990–∂—Ä „Å£xÔºñ
vanusa maia;24 de agosto de 2022;Ibrahim noite
Antonio Paulo Reis Rocha;20 de setembro de 2022;Vou gostar
Kayke Mateus;15 de setembro de 2022;Muto bom
Leonardo Britto;10 de julho de 2022;N√£o.funciona
Ronaldo Siqueira;28 de julho de 2022;Br
Joc√©lio Pontes de Abreu;17 de junho de 2022;P√©ssimo aplicativo!
caminh√µes vs motos do Acre;27 de junho de 2022;N√£o presta
Luh Fonseca;30 de mar√ßo de 2022;Simplesmente horr√≠vel !!!
Josimar Moreira de Souza;18 de maio de 2022;Bom app
Roberta Soutor;29 de mar√ßo de 2022;Muito boa
ARISMAR pereira de lacerda;31 de mar√ßo de 2022;Adorei
Jose Silva sousa;3 de maio de 2022;√ìtimo
Alexandre Nanir;26 de abril de 2022;√ìtimo
Audicea de souza raste Raste;14 de abril de 2022;√ìtima
odair Alves;2 de dezembro de 2021;¬∫¬∫\=_. W √óüòâüòãüòö1 . A..-
Thiago Jesus;17 de janeiro de 2022;Melhora esse APP.
Tatoo Ferreira;20 de novembro de 2021;COMERCIAL- OSASCO
francisco gomes;14 de dezembro de 2021;sem assunto
Leia Cepilho Lopes Cepilho Lopes;14 de janeiro de 2022;Muito bom
Everson User;4 de dezembro de 2021;Esselente
Guilherme Soares;2 de janeiro de 2022;Ghuu
Maria Elza Almeida;16 de dezembro de 2021;√ìtimo
Otaviano Ferreira;12 de mar√ßo de 2022;Ecelente
Angela Maria;10 de mar√ßo de 2022;Boa
SEMEANDO A PALAVRA- Pr. JESUS MONTALV√ÉO;15 de mar√ßo de 2022;√ìtimo
Francisco Edno;4 de fevereiro de 2022;bom
wenderson jorgino;23 de outubro de 2021;E √≥timos
Erika Mar√ßal;8 de novembro de 2021;Pessimo
Ilma Silva;5 de novembro de 2021;Desploquia
Jos√© Rocha da Silva Zezinho;17 de dezembro de 2021;247 253
ismin bff girls;24 de outubro de 2021;N√£o entra
Reinaldo De Sousa Santos;25 de setembro de 2021;Muito ruim
N√°dia Maria Couto;24 de outubro de 2021;ELIASGONCALVESCOUTO
erasmo baltazar;22 de janeiro de 2021;Credo qua app ruim
Fracisco Souza;30 de agosto de 2021;Bom...... ‚ù§Ô∏è
Yellow Tech;3 de dezembro de 2020;N√£o funciona...
Ana Carmino;6 de dezembro de 2020;P√©ssimo tamb√©m....
Gersiano Cassius;1 de maio de 2021;N√£o funciona!!!
Fear Sx;8 de janeiro de 2021;Muito ruim üòûüòûüòû
Zeolita Quinelato;26 de mar√ßo de 2021;Excelente atendimento
Junior Play;8 de junho de 2021;P√âSSIMO!!
Silene Santos;31 de mar√ßo de 2021;Muito boa
Daniel Fernandes;24 de junho de 2021;Muitos erros
israel nogueira;13 de julho de 2021;Uma M√©rida
Jhma Constru√ß√µes;11 de julho de 2021;√ìtimo aplicativo
Manoel Pereira dos Santos Santos;16 de julho de 2021;√ìtimo.
Loester Guedes Louzada;18 de janeiro de 2021;P√©ssima üòî
Amparo maria;10 de julho de 2021;Horr√≠vel!!!
Edielson Souza;14 de julho de 2021;P√©ssimo!!!
Zelinda Rodrigues De Lima;2 de dezembro de 2020;√ìtima
Paulo hermes teles Bai√£o teles;16 de abril de 2021;ruim
Flavia amorim leles;1 de agosto de 2021;Horr√≠vel
Antonio Carlos Pereira Severo;30 de dezembro de 2020;Pessima
Jorgeanselmo ferreiradossantos;6 de julho de 2021;Ecelenti
Joseane Santana;4 de maio de 2021;Excelente
Miriam Zago;15 de mar√ßo de 2021;Otimo
Marco Flauzino;8 de novembro de 2020;Ruim, nao funciona, e para piorar o suporte no 40020022 e de ruim a pessimo, a pouco tive o atendimento, onde no primeiro momentoa atentente Isabel foi muito gentil" no segundo momento a atendente Fabiana me atendeu, mas nada foi resolvido continua sem conseguir acessar o APP.
Martha irene Pereira costa;16 de novembro de 2020;Rruim
Daniela Silva;12 de novembro de 2020;Excelente
Teresa de Jesus;21 de novembro de 2020;PArabem
Maria Adalgisa Alves Feitoza;9 de outubro de 2020;Muito ruim
Alan Lins;30 de setembro de 2020;N√£o funciona
Severino GoldPark;7 de outubro de 2020;Otimo
Augusto Santos;13 de julho de 2020;AUGUSTOS$DOSSANTOS
elzamariamoreira espiritosanto;13 de julho de 2020;Doneza@grr
Um usu√°rio do Google;16 de abril de 2020;N√£o presta
LUIS game;5 de maio de 2020;√ìtimo App
Bruno Alex;20 de julho de 2020;Bom.
Vanuzia Oliveira;6 de julho de 2020;Bom
jacelita ferreira Silva;26 de outubro de 2021;Shhwus TV se o SSDudüòç
Robson Souza;3 de junho de 2022;Muito ruim üëé
Willian de Jorge;14 de agosto de 2020;App, Excelente!
Din√° Maria Lopes (Dina);18 de agosto de 2020;Muito bom..
Amilton Figueiredo;27 de fevereiro de 2022;COMERCIO E LACHONETE E DOCERIA MJ LDA SP BAIRRO DE PERUS CEP O5209-520 GONJ HABITACIONAL RECANTO DOS HUMILDES COMP TRAV DIAMANTES N:2
Um usu√°rio do Google;17 de mar√ßo de 2020;Excelente!
Jac√≥ Andrade Andrade da Silva;10 de mar√ßo de 2022;üëèüëèüëçüòÅ
Antonio Medeiros;14 de maio de 2022;Exelente qpp
Os waldo Moura;23 de julho de 2022;Muito ruim
Mariadosocorroarquilino Arquilino;20 de julho de 2021;M. Bom
Mitsurride;25 de novembro de 2021;N√£o funciona
Claudia Santos;12 de agosto de 2020;E √≥timo
Cesar Goncalves Cesinha;9 de novembro de 2021;Muito bom
Eronaldo Firmino da Silva;2 de outubro de 2020;ERODLANO B
Newton G Colombini;19 de outubro de 2020;N√£o funciona
Jose Joserobertooliveiradasilva;1 de mar√ßo de 2021;mito bom
Cristian Ribeiro;27 de agosto de 2020;N√£o abre
Nilton Leite;7 de agosto de 2022;Muito bom
Anderly Costa;17 de agosto de 2021;Andderly costa
Edmar Medeiros;2 de dezembro de 2020;N√£o funciona
Bruno Arag√£o;12 de novembro de 2021;Servi√ßo p√©ssimo
Rosilane Da cruz ferreira;20 de julho de 2022;Muito bom
Andreia Costa;25 de agosto de 2022;Muito bom
Cauan Santos;5 de mar√ßo de 2021;Um lixo
Francisco Siriaco;4 de abril de 2021;Muito bom
Cleomar Oliveira araujo;7 de maio de 2021;Eu gostei
Luciene Silva;12 de setembro de 2021;Muito bom
Maria Jos√©;30 de janeiro de 2021;muito √≥timo
Luiz Ant√¥nio;19 de junho de 2020;multi boa
Rosangela Faustino;22 de setembro de 2021;Muito bom
Serafim Carlos Leme;22 de fevereiro de 2021;Aderi agora
Raimundo Ira;23 de maio de 2022;Muito bom
Vera lucia Araujo;4 de janeiro de 2022;Muito boa
erica cristina de freitas;23 de mar√ßo de 2021;N√£o funciona
cookie can;21 de julho de 2020;Muito bommm
Valeria Gon√ßalves;8 de maio de 2020;Muito bom
n√£o se cala Anny santtos.;9 de junho de 2021;Maravilhoso üòç
deo von ledebur;9 de maio de 2022;Horr√≠vel üòï
antoniafabiana fabiana;8 de novembro de 2020;√ìtimo üëç
Regi Lima;30 de julho de 2020;Estrelas
JOS√â HENRIQUE SILVA DE PAULA;20 de novembro de 2021;PR√ÅTICO
Alexandre Machado;17 de janeiro de 2021;excelente
Madalena Matoso;19 de mar√ßo de 2022;Legal
Gabriel Melo;26 de junho de 2022;Muitobo
Paulo Reis;6 de agosto de 2020;Bom
Luciano Tiano;5 de dezembro de 2021;Bom
Sueli Fernandes De Souza;16 de dezembro de 2021;Excelente
adriano de souza soares;11 de mar√ßo de 2022;Enfermagem
Vanderlei Silva;11 de janeiro de 2021;P√©ssima
Fabiano Ramos;26 de dezembro de 2021;Bradesco
Reinaldo;3 de setembro de 2020;P√©ssimo
Vera lucia santos silva Santos silva;16 de julho de 2020;ruim
Gilberto Carlos de Jesus;16 de novembro de 2021;Ok
Pedro Caldas;26 de setembro de 2020;P√©ssimo
Isa√≠as Alexandre;4 de dezembro de 2020;Horr√≠vel
Sebastiao Davi;13 de abril de 2021;Bom
Beto Bussolo;21 de setembro de 2021;Bl
Um usu√°rio do Google;7 de abril de 2020;Legal
Um usu√°rio do Google;2 de abril de 2020;Ruim
Viking's Sta;31 de maio de 2022;Bom
Edith Teixeira de Souza Silva Souza Silva;3 de julho de 2022;Lu13
Ros√¢ngela de Souza LIMA;9 de junho de 2022;√ìtimo
Aurelinovsantov;10 de setembro de 2022;Otimo
Joseny de Souza Amorim;24 de maio de 2022;√ìtimo
Jose Humberto;3 de outubro de 2022;Oj
Nivea Lima;13 de setembro de 2022;Horrivel
Georgia pinto Botelhos;24 de setembro de 2022;Bom
Kelly cristina Leme;17 de outubro de 2022;Lixo
Adrielma Soares;24 de agosto de 2020;vendas
Carolina Cardoso;21 de junho de 2021;√ìtimo
Tininho Lucio;26 de janeiro de 2022;Otimo
Luizmar Fernandes;17 de abril de 2021;Bom
roselic shmitz;9 de fevereiro de 2021;√ìtima
Darci Aparecido;23 de janeiro de 2022;√ìtimo
Izabel Marinho;22 de outubro de 2021;Horrivel
Sandra Lima;2 de outubro de 2021;CENTRO
Alisson Santos;25 de maio de 2021;P√©ssimo
Francisco das Chagas praxedesjunior Junior;27 de mar√ßo de 2022;√ìtimo
Aleson Nahn;9 de fevereiro de 2021;Bom
benedito costa;24 de julho de 2021;Bom
Adrianny Vit√≥ria;11 de abril de 2021;Uo
Patricia Galdino;5 de novembro de 2021;Ruim
Climerio Pereira;4 de mar√ßo de 2022;Boa
Carlos Magno;27 de mar√ßo de 2021;Otimo
Enzo Souza820;17 de agosto de 2021;Horr√≠vel
Antonia Leite;17 de julho de 2021;√ìtimo
Eunice Cristina lemos;15 de julho de 2022;Fasilidade
Cleide Sousa Oliveira;12 de agosto de 2021;Bom
Edimar Vieira;13 de fevereiro de 2021;Boa
Juracilda Antunes Alves;5 de agosto de 2021;Bom
ana maria pucci maria;18 de julho de 2021;Ruim
John kevin Carvalho santos;26 de janeiro de 2022;Ok
Sonia Berreta;10 de mar√ßo de 2022;Ruim
CL V9 FF;6 de dezembro de 2021;ruim
Max Alberto;22 de maio de 2021;Otima
Gildeann Ferreira;22 de fevereiro de 2022;Bom
Maria dajuda Jesus Viana;27 de janeiro de 2022;‚ù§‚ù§
