Debora Tescaroli;30 de abril de 2019;As vezez da alguns erros na hora dr acessa a conta;2
maria jose;30 de setembro de 2018;No momento o aplicativo esta muito ruim n√£o ta abrindo de jeito nenhum eu queria ver minha fatura e n√£o ta abrindo aplicativo;2
Marcelo Borges;7 de setembro de 2019;Me ajuda bastante a me policiar nas compras.;4
Junio Santos Estevao;1 de outubro de 2019;Um horror, detestei;2
Mayara Santos;25 de fevereiro de 2019;Ate agora n√£o consigo acessar minha conta. o n√∫mero do cart√£o da ilegivel ou senha incorreta.;3
Um usuario do Google;14 de mar√ßo de 2019;Pessimo. Login por digital n√£o funciona, extrato ap√≥s a compra n√£o funciona, pagar fatura pelo pr√≥prio APP Bradesco n√£o funciona.;2
Afonso Monteiro;22 de maio de 2019;pode ser mais informativo;2
fabiana Silva;10 de fevereiro de 2019;Boa noite! ate uns dias atras conseguia acessa minha fatura, agora mesmo colocando a senha correta fui bloqueada dizia senha incorreta arrumem isso por favor.;2
Marcia Cristina de Souza;20 de setembro de 2019;Me ajuda muito para eu acompanhar as minhas compras;4
MARCELO Bittencourt;8 de mar√ßo de 2019;in√∫til, pessimo, assim como o resto do banco,;2
Tiago Pereira;2 de outubro de 2019;Falta a op√ß√£o de bloqueio temporario. Op√ß√£o que os cart√µes da Caixa e Nubank t√™m. Estou deixando de fazer compras online com este cart√£o por falta dessa fun√ß√£o de bloqueio.;1
Kleiton Vieira;8 de outubro de 2018;N√£o consigo cadastrar meu cart√£o ! Da numero de cart√£o ilegivel...como se eu fiz compra nele ontem.;2
Rubinom Batera;10 de junho de 2019;tem que colocar no App ja a op√ß√£o que aumenta limite. ficara muito mais rapido e pratico;1
Alan Andrade;28 de agosto de 2019;Ate o momento estou bem satisfeito!;4
Caroline Oliveira;21 de julho de 2019;app e bom, porem quando o cart√£o e utilizado n√£o envia o local que passou via sms;1
Adriano Santos;11 de setembro de 2019;Muito facil de visualizar. √ìtimo;4
gilcemar rodrigues;10 de setembro de 2019;App muito bom ficou tudo mais facil.;4
Um usuario do Google;2 de dezembro de 2018;Como fa√ßo pra mim ver outros cart√µes se so dar pra ver um;3
Leandro Gomes dos Santos;21 de maio de 2019;So fala que a conexao nao e segura em compensa√ßao semana passada tava funcionando normal.;2
Jonatas Maxwell Nogueira;1 de maio de 2019;poderia ter a op√ß√£o para antecipar pagamento de compras parceladas;1
Ana paula Gomes;25 de julho de 2019;muito bom gostei bastante;4
Henrique Ricardo Coelho Machado;1 de agosto de 2019;pow ta muito ruim no come√ßo era √≥timo agora ta muito ruim tipo ele ler aminha digital da ok e depois ele disque errei aninha senha e manda eu ir pra senha manual e se eu erra ai fode pq tem q refazer a senha;2
Mauricio Fernandes;21 de maio de 2019;Estou tendo poblemas com meu app, pois quando tento iniciar o app, aparece uma mensagem dizendo que a rede n√£o e segura, isso na rede wif e rede m√≥vel, e ele fecha sozinho.;2
glauco pontes;27 de julho de 2019;O aplicativo fala do grafico de gastos e n√£o contem o mesmo. ap√≥s resposta do desenvolvedor continua informando que o App tem grafico o que e enganoso.;2
Fernanda Santos;22 de maio de 2019;porque o app esta dando erro e eu nao consigo entrar ? Aparece que o app n√£o e seguro;2
Valdinei Jose;16 de junho de 2019;muito bom perfeito eu comfio;4
Thay Roberta;10 de fevereiro de 2019;como fa√ßo pra enviar o boleto para o meu e-mail?;3
I Decora por Brenda Branco;3 de maio de 2019;era √≥timo agora atualizou e nao consigo mais acessa minha conta,fica dando servi√ßo indisponivel...por favor resolvam pois meu cart√£o e debito automatico;2
Abia Fernanda;29 de mar√ßo de 2019;pessima, n√£o aparece os gastos na hora demora muito, e acabo n√£o tenho no√ß√£o dos meus gastos diarios.;2
Cleri Vania;8 de agosto de 2019;tirei todas as minhas d√∫vidas, estou satisfeita.;4
Mariana Cruz;8 de agosto de 2019;esse aplicativo ele e bom ele s√≥ ta tendo um defeito porque n√£o ta mostrando minha fatura detalhadamente das compras;2
Lilia Oliveira da Silva Oliveira da Silva;13 de agosto de 2019;Amei, muito pratico consigo resolver tudo.;4
Ygor Toniolo;16 de outubro de 2018;Nem cadastrar meu cart√£o nisso da,n√£o tem nem como ver meu extrato,sempre tenho que ligar pra central pra calcular o quanto gasto,n√£o sei pra qu√™ ter um aplicativo desses se ele nem exerce as fun√ß√µes que diz exercer!;2
Denise Gonsalves;19 de julho de 2019;esse aplicativo n√£o reconhece o meu cart√£o sempre manda eu verificar se digitei o n√∫mero certo e sempre ta certo coloco pra tira foto e e a mesma coisa;2
Alessandro Isotton;8 de setembro de 2019;Cada vez pior. Erro constante. Cart√£o adicional nao envia mais fatura por email....terrivel como s√≥ o Bradesco pode ser.;2
Vanessa Saboia Zappia;25 de junho de 2019;facil e rapido.;4
anonimo l;28 de junho de 2019;nao comsigo abrir app. ja faz muito tempo que tento usar app nao consigo, ele mostra ums mgs e sai do app.;2
Jefim Barbeiro04;28 de abril de 2019;√≥timo app! pra um gralzinho melhor, falta enviar notifica√ß√£o de copra via sms no momento que ela acontece.;1
Jefte santos;6 de mar√ßo de 2019;estou tendo problemas com o aplicativo n√£o esta funcionando;2
william Almeida;23 de julho de 2019;muito bom facilita nosso acesso bom..........demais!;4
Simone Oliveira;14 de agosto de 2019;√Äs vezes ele trava, mas e muito mais facil acompanhar meis gastos pelo aplicativo.;2
Samsung1 SER;23 de agosto de 2019;Muito bom me ajuda bastante;4
Maize Casagrande;20 de julho de 2019;precisa melhorar ta dando muito erro;2
marcelo felix pereira;10 de outubro de 2019;Muito simples para acessar;4
Luciana Marques;22 de julho de 2019;Gosto bastante do aplicativo.;4
mariainez areas;16 de setembro de 2019;Mostrou com clareza o que busquei;4
Isidoro active - Z;21 de setembro de 2019;Esse b√¥nus Shopfacil esta me incomodando, as informa√ß√µes s√£o muito ruins, n√£o estou me sentindo satisfeito. Obs na proposta do cart√£o a telefonista ofereceu R$ 100,00 Mas realmente n√£o estou conseguindo ativar esse "beneficio". Insatisfeito !!;2
Elivaldo Freitas seixas;7 de agosto de 2019;ficaria lizongeado , em ser cliente vip ?;3
Milena Pereira;3 de maio de 2019;muito vago, toda hora da erro.;2
cristiane souza;23 de julho de 2019;meu app esta dando senha incorreta, sendo que estou colocando a senha certa, ai quando entro pelo Internet banking da certo. tem algo errado com o app;2
Evellyn Marmota;5 de novembro de 2018;Baixei essa norma vers√£o e n√£o consigo entrar na conta. Da erro;2
Weberson Santos;2 de maio de 2019;Muito bom, mas poderia ter a op√ß√£o de solicitar segunda via do cart√£o.;1
iza souza;29 de junho de 2019;N√£o estou conseguindo fazer o cadastro o aplicativo ruim;2
Vanilson soeiro;10 de setembro de 2019;Muito bom mais seguro gostei de mais;4
Ana Rosa Amorim Pezati;4 de outubro de 2019;Ta de parabens;4
Karen Albuquerque;7 de outubro de 2019;Gosto de tudo;4
Edson Damique;12 de agosto de 2019;atende as minhas expectativas eu utilzo apenas para consultar o extra to de compras e limites do cart√£o.;4
Marcelo Dias;19 de janeiro de 2019;Bom Aplicativo, so nao do 5 estrelas por causa dessa anuidade;1
janaina montarrois;25 de julho de 2019;N√£o enviaram ao c√≥digo para o meu e-mail;2
Aliomar De Jesus Gomes;26 de julho de 2019;App muito bom, porem deixa a desejar na parte de reconhecimento de Biometria que n√£o reconhece.;1
Daniel Ferreira;20 de dezembro de 2018;Bom dia! queria deixar minha insatisfa√ß√£o com esse aplicativo ruim pessimo, tentei de varias formas usar, entrei em contato com a area responsavel, porem sem sucesso, o aplicativo nao da inflama√ßoes do detalhamento de compras e quando eu vinculo a minha conta corrente ai que ele nao pega mesmo, voce‚Ä¶;2
Um usuario do Google;27 de setembro de 2018;N√£o consigo acessar,ja ate liguei na central de atendimento,para desbloquear o meu acesso e nada,ai apaguei o app !!!!!!!!!;2
Erlan Mario Ayala;12 de junho de 2019;aplicativo bom...facilita a nossa vida;4
Anderson Luiz;11 de maio de 2019;muito bom recomendo;4
Robson George;9 de agosto de 2019;muito fraco detalhamento da fatura;1
Leticia Lima;1 de maio de 2019;Pessimo! Voc√™ faz o pagamento da fatura, vem atualizar dias depois, alguns atendentes pelo telefone s√£o pessimos tambem! Voc√™ tem que lembrar o que comprou, ficar sempre atualizando o APLICATIVO! pra ver se consta la como pago. E n√£o mostra o juros, caso voc√™ atrase no pagamento, e juros altissimos ‚Ä¶;2
Santos Santos;23 de julho de 2019;nao consigo ver minha fatura detalhada;2
Julliana Anselmo;25 de julho de 2019;tem alguns bugs mas msm assim e mt bom;4
Euderlan Almeida;12 de agosto de 2019;Se pra cadastrar ja e horrivel, imagina usar o app;2
Carlos Ribeiro;28 de julho de 2019;Boa mas trava de vez em quanto.;4
sidnei constantino da silva constantino;12 de junho de 2019;gostei muito rapido e pratico!!;4
Luzia Solidade;13 de julho de 2019;Eu gosto muito s√≥ acho que sai muito o aplicativo!;4
Leone Andrade;27 de maio de 2019;Dei uma estrela porque n√£o funcionou no meu celular fala que eu n√£o tenho uma conex√£o estavel com o Bradesco e o aplicativo simplesmente fecha,por isso n√£o gostei;2
Gabriel Lima;18 de fevereiro de 2019;Aplicativo hiper confuso. Est√£o precisando de uma consultoria em UX.;1
Andreza Gon√ßalves;20 de junho de 2019;gostei. Simples e pratico;4
Um usuario do Google;29 de outubro de 2018;Ultima atualiza√ß√£o foi pessima deixou de funcionar, a dias que n√£o consigo ver minhas compras.;2
Um usuario do Google;22 de fevereiro de 2019;esse aplicativo e lixo coloco a senha e o n√∫mero do cart√£o e n√£o dar certo;2
Valeria Castelo Branco;4 de junho de 2019;Esse aplicativo e √≥timo e n√£o trava, acompanho tudo por ele, ate aqui estou satisfeita, super indico.;4
Andreza Rayanne;17 de janeiro de 2019;faz 6 dia que n√£o consigo acessar meus dois cart√µes pelo aplicativo. ligo pra vcs que me prometem resolver o problema mais e s√≥ enrola√ß√£o. hj faz 6 dias e nada de vcs resolverem meu problema.;2
Paulo Lima;9 de maio de 2019;gostei esta mais melhor;4
Marcio Lopes;28 de julho de 2019;otimo aplicativo perfeito;4
Maicon Costa;2 de julho de 2019;velho, nao to conseguindo fzr o cadastro do meu cartao que fiz na c&a;2
Um usuario do Google;29 de setembro de 2019;Muito bom e pratico;4
Igor Antunes;16 de junho de 2019;nao consigo entrar sempre dando erro;2
Gabriel Bento Ladeia;26 de setembro de 2019;Ruim, n√£o foi possivel completar o cadastro. N√£o tem nada de graficos como mostra na propaganda do app.;2
Marcelo Farias;11 de maio de 2019;Muito confuso, pouco claro;2
Ray Nato;18 de setembro de 2019;N√£o consigo desbloquear o cart√£o pelo aplicativo e nem por telefone, anuidade do cart√£o e muito cara n√£o tem nenhum beneficio.;2
Eliane A.B;27 de junho de 2019;quando voce baixa o aplicativo ,pede sua senha de uso ...isso n√£o e seguro ...desisti poderia pedir um pin,n√£o sua senha pessoal;1
ubirani leal;20 de julho de 2019;tem travado com frequ√™ncia;2
simone Duarte;15 de janeiro de 2019;Nao consigo atualizar meu aplicativo. E nem acessar mais. Pq?;3
Glaucilene Lima;8 de maio de 2019;E muito bom esse aplicativo;4
junio juninho;11 de outubro de 2019;Precisa melhorar mais o aplicativo!;2
Luiz Carneiro;13 de maio de 2019;rapido e objetivo;4
Ana Beatriz Amorim Bento;15 de maio de 2019;No come√ßo era otimo, mas de ontem pra ca n consigo acessar. Quando eu tento chega uma mensagem "Ops sua seguran√ßa com Bradesco n√£o e seguro por isso iremos encerrar o aplicativo;2
Nilcicley Souza;13 de abril de 2019;como eu fa√ßo para adicionar mais de um cart√£o pelo app;3
Anderson Maxmiano;9 de outubro de 2018;Minha opini√£o sobre essa app n√£o e das melhores pq ja tentei varias vezes acessar o app mais n√£o pega n√£o sei oque esta acontecendo mais espero que eles resolvam o problema üò°üò°üò°;2
[AB] Gullar Jp;7 de abril de 2019;Eu troquei minha senha agora n√£o entra mais. Insatisfeito üòí;2
Peta Martins;29 de julho de 2019;o aplicativo muito bom s√≥ trava algumas veses mas e bom agora deveria melhora mas;2
MOISES QUEIROZ;11 de dezembro de 2018;Na tela de pagamentos n√£o esta aparecendo o c√≥digo de barras, todo m√™s perco muito tempo ligando pra central.;2
Nielson Varela;25 de agosto de 2019;Atende as necessidades e e bem pratico;4
adriel soares;8 de outubro de 2018;Por favor me ajudem, quero ver meu extrato/fatura completo, mas n√£o consigo por que meus cart√µes est√£o debito automatico;3
romilson diniz;15 de abril de 2019;tenho duas conta no bradesco. mais n√£o consigo conectar os dois no app;2
Gleicy Batista;2 de outubro de 2018;Horrivel, n√£o consigo acessar meu cart√£o.;2
Jocilene Ven√¢ncio Martins;25 de julho de 2019;aplicativo bom mais podia atualiza as informa√ß√µes no dia pra fica mais facil;2
Juliana Santanna;8 de julho de 2019;me atende no que preciso;4
Cremon J. C.;20 de agosto de 2019;N√£o permite pedir outro cart√£o quando atual esta pr√≥ximo do vencimento.;2
Elisandro Muck;10 de fevereiro de 2019;Ola Bradesco, adicionem op√ß√£o de visualizar cart√£o cancelado nesse app assim como tem a op√ß√£o no Internet Banking, pois facilita para copiar os c√≥digos dos boletos para pagamento das faturas.;1
IVANILDA ALVES;11 de setembro de 2019;N√£o consigo cadastrar meu cart√£o,;3
Um usuario do Google;9 de novembro de 2018;Este AP n√£o funciona,chega na tela de cadastro ele travo e n√£o sai disso mais ,a dias estou tentando cadastrar meu cart√£o e n√£o consigo.;2
Elaine farias;15 de novembro de 2018;N√£o sei o que pode ta acontecendo mais n√£o consigo entrar na minha conta do App to toda enrplaca por iss√≥ e contudo Muito chateada... prefiro a vers√£o anterior essa s√≥ esta causando problemas eu tenho internet e diz que esta sem internet...;2
vanderlei rafaicho;6 de junho de 2019;gostaria de obter um cart√£o mas n√£o tive resposta;2
elane souza;19 de novembro de 2018;Este aplicativo e horrivel nunca funciona. Absurdo poderem um servio q n funciona.;2
Flaviane Cintia;23 de maio de 2019;pratico e facil de usar. consigo acompanhar minhas despesas atraves do app.;4
Alex Quina;22 de maio de 2019;Falta a op√ß√£o de notifica√ß√£o a cada compra;1
Julian Ara√∫jo;6 de julho de 2019;POR FAVOR, RESOLVAM ISSO, JA VI OUTROS COMENT√ÅRIOS AQUI COM O MESMO PROBLEMA QUE O MEU, SEMPRE QUE TENTO CADASTRAR MEU CART√ÉO NO APP, APARECE UMA MENSAGEM COM OS DADOS INCORRETOS E EU COLOCO TODOS OS DADOS CERTOS!! SOLTEM IMA ATUALIZA√á√ÉO , RESOLVAM ISSO,PRECISO USAR O APLICATIVO!!!!!;2
Mayanne Sherllock;12 de fevereiro de 2019;Estou aq desde 9:40 da mnha ligando n cetral de atendimente para mim darem informacoes sobre a mnh fatura pq desde d onten n consigo acessar os detalhamentos d fatura n app,e pior pediram para q mim Desinstalasse o aplicativo pois o problema poderia ser n versao antiga d app,pois atulizei o app,e ag‚Ä¶;2
Everton Dos Anjos;11 de julho de 2019;muito funcional, e agil;4
Eduarda H√ºbner M√ºller;10 de maio de 2019;Eu s√≥ tenho 01 cart√£o, gostaria que ele entrasse logo na fatura deste, sem que primeiro tivesse que entrar em perfis e escolher.;1
Celso Castro;6 de outubro de 2018;Uma droga! Uso o cart√£o da CeA somente para compras na loja e n√£o tenho a fun√ß√£o credito, n√£o uso credito. O App s√≥ habilita para consultas se inserir a senha, mas n√£o tenho senha pq n√£o habilitei a fun√ß√£o credito. Assim, n√£o tenho como utilizar!;2
Fernando Arismendi;15 de junho de 2019;N√£o estou mais recebendo a fatura digital ha uns 3 meses! Esta foi minha op√ß√£o de recebimento e, sem minha interfer√™ncia, isto esta acontecendo.;3
maria Miranda;21 de julho de 2019;Muito bom esse aplicativo;4
Ruth Barbara;9 de julho de 2019;A um tempo n√£o tenho conseguido entrar no aplicativo fica aparecendo que a "conex√£o n√£o e segura" e o apliacativo fecha, ja fiz varias coisas mais nada adianta.;3
Natali Santos da Costa;4 de maio de 2019;aparece a mensagem servi√ßo indisponivel o tempo todo.;2
Shirley Rocha;5 de outubro de 2019;N√£o gostei antes poderiamos ter acesso a tr√™s cart√µes credito do Bradesco agora s√≥ pega um.;2
Fernando Lemos;15 de maio de 2019;N√£o estou conseguindo acessar o App. Aparece uma mensagem dizendo que a conex√£o n√£o e segura. Preciso pagar conta!;2
Vagner De Oliveira Do Vale Vale;19 de maio de 2019;excelente muito bom;4
Joel Video;27 de agosto de 2019;Gostei muito √≥timo app;4
Aline Rezende;13 de maio de 2019;bom de usar;4
Marcia Fernandes;11 de julho de 2019;e bom nao tenho nada a falar no momento;4
carlos humberto;14 de julho de 2019;Excelente App. √Ågil e direto ao ponto. Ainda tenho dificuldades no processo de pgto da fatura e n√£o processa rapido o desconto.;2
Francisco Jose Feij√£o;12 de setembro de 2019;Muito bom Gostei bastante;4
Thamiris Liberato;31 de maio de 2019;poderia mostrar as coisas que compramos e seu devido valor;1
fabio silveira;2 de maio de 2019;Pessimo app, s√≥ aparece "acesso bloqueado" dizendo que acabaram as minhas tentativas de acesso. O app ja n√£o era grandes coisas, pois o mesmo n√£o mostrava no extrato compras feitas em tempo real, s√≥ 48h depois, e ap√≥s esta ultima atualiza√ß√£o ficou pior ainda.;2
Um usuario do Google;1 de maio de 2019;Gostaria d saber pq a fatura do m√™s d Abril foi paga. E √± consta q foi pago no m√™s d Maio. Ta constando q foi pago na fatura do m√™s d Junho. E o limite √± voltou.;3
julio norwal;8 de setembro de 2019;Horrivel diz que o n√∫mero do meu cart√£o esta errado ja difitei mais de 10 vezesüò†üò§üò§üò§;2
Filippe Faganello;10 de outubro de 2019;Atende as necessidades;4
cacafoda gamer;30 de agosto de 2019;n√£o consego receber minha fatura por email.;3
Walfrido Cabral Furtadp;8 de janeiro de 2019;o saite antigo muito ruim , vamos ver esse agora;2
machado saulo;15 de fevereiro de 2019;O app era bom, so que agora nao consigo mandar a fatura do emu cart√£o para o meu email do nada saiu essa op√ß√£o do app.;2
Um usuario do Google;21 de janeiro de 2019;obs:(APP Bradesco) n√£o consigo acessar minha conta pq o aplicativo me obriga ativar token e eu n√£o quero, aparece a imagem ativar token mas n√£o acessa a conta. resolvam isso;2
Um usuario do Google;27 de fevereiro de 2019;mas porque o bradesco nao libera o parcelamento de fatura pelo aplicativo como os de outros bancos?;1
Aline Oliveira;24 de agosto de 2019;√ìtimo super pratico;4
Thiago Magalh√£es;29 de janeiro de 2019;n√£o aparece a op√ß√£o desbloqueio de cart√£o;2
Luiz Alberto Azevedo de Sa;16 de julho de 2019;O aplicativo n√£o consegue terminar o cadastro e sempre fica mandando ligar para 0800. Fica vinculando uma conta no banco que n√£o tenho. Pior ainda, fica pedindo o acesso na minha agenda. Para que o aplicativo quer acesso na minha agenda? Ja n√£o basta a localiza√ß√£o, telefones, contatos, armazenamento‚Ä¶;2
Lays Nunes;3 de janeiro de 2019;Ele ate funciona, mas quando voc√™ opta pela conta online, ele pede pra gerar outra senha, trava o aplicativo e voc√™ n√£o consegue fazer mais nada. E o atendimento ao consumidor e uma tristeza;2
Ch√´¬ør√∂so;11 de maio de 2019;App muito pratico e funcional, estou adorando !!! :);4
Sandro Antonio;5 de julho de 2019;pode ser melhor;1
mundo da Malu Malu;18 de setembro de 2019;√ìtimo simples e pratico;4
Francielly Fran;26 de maio de 2019;√≥timo,gosto muito d banco bradesco ,√≥timo atendimento;4
Suely Oliveira;2 de maio de 2019;muito bom facil de mexer eu recomendo;4
Leticia De Sa;12 de junho de 2019;O App demora um ano pra mostrar l lan√ßamentos das comprar no cart√£o. Enquanto todos os outros aplicativos aparecem na hora oque compramos. Tem muita coisa para melhorar o funcionamento do App. tenho que esperar quase 1 semana para mostrar os lan√ßamentos.;2
Paulo da Silva Leite;5 de julho de 2019;n√£o consigo completar o cadastro.;3
Vera Cabral;15 de agosto de 2019;Preciso pagar minha fatura mas n√£o chegou a boleta;3
Elenilde Cutrim;30 de setembro de 2019;n√£o gostei muito nao nao apareci todos os cart√µes q tenho do Bradesco n√£o conseguiu concluir meu cadrato;2
Jaqueline Mello;20 de maio de 2019;atende a todos os pedidos;4
Marcia Souza;11 de setembro de 2019;Quero abrir a conta Bradesco Avon;3
JeisonX 13;13 de maio de 2019;nao da pra fazer tudo que dissem , mais e bom;4
Um usuario do Google;3 de janeiro de 2019;Uma droga, n√£o consigo cadastrar meu cart√£o, ligo na central atendimento e pior ainda.;2
Um usuario do Google;20 de setembro de 2019;Pq nao consigo ver o grafico no app;3
NILSON GEORGE;8 de maio de 2019;Muito bom ,facil de manusear .;4
mundo da helena;21 de janeiro de 2019;horrivel nao da pra fazer nd somente ver o limite nao tem opcoes como aumentar o limite ou solicitar bloqueio.;1
Jaina Camargo;5 de setembro de 2019;Aplicativo bem limitado. Interface nada intuitiva, login com digital n√£o funciona (apesar de ter feito o cadastro), extrato sem muitos detalhes (n√£o mostra a proje√ß√£o das parcelas nas pr√≥ximas faturas e a geolocaliza√ß√£o das compras), enfim. Para um banco do tamanho do Bradesco, eu esperava muito mai‚Ä¶;2
Sidclei Santos;18 de agosto de 2019;gostei muito do aplicativo facilitou muito;4
antonio rogerio rogerio;19 de maio de 2019;Muito bom facilita muito o nosso dia dia;4
Kellvin Silva;23 de setembro de 2019;Eu tento fazer o cadastro e n√£o vai, sempre a mensagem "verifique os dados informados e digite novamente ou insira um numero de cart√£o elegivel", eu coloco tudo, porem n√£o vai.;3
Joane Bernardo;29 de agosto de 2019;Show... Top... Esperando so aumenta o limite do cartao .. pq ja faz mas de um ano q ja uso e nada ainda... De aumentar o limite!";4
Magdiel Arlison da Silva Bezerra;8 de agosto de 2019;N√£o consegui sequer utilizar... Aparece o erro "Sem conex√£o. Verifique a rede.", sendo que a conex√£o do aparelho esta normal.;3
Dirceu Leite;22 de mar√ßo de 2019;Pessimo! N√£o cadastra o meu cart√£o, Aparece uma mensgem pra eu entrar em ctt com a operadora do cart√£o... Ent√£o pra que serve um app se eu previso ligar pra operadora?;2
Nega Araujo;5 de julho de 2019;n√£o consigo cadastrar meu perfilüò†;2
Levyson Silva;10 de julho de 2019;boa por enquanto;4
Mamute Nervoso;3 de agosto de 2019;muito top o app gostei de +;4
Alison Oliveira;27 de junho de 2019;baixei o App e quando fui cadastrar o meu cart√£o c&a fala que a situa√ß√£o do cart√£o n√£o aceita o cadastro!!! por favor me expliquem o que fazer???;3
Heliza Gonzaga Censi;3 de julho de 2019;Muito bom este aplicativo. De facil manejo.;4
Felipe Veiga;18 de abril de 2019;Eu usava o aplicativo perfeitamente, agora meu cart√£o mudou pra platinum e quando tento cadastrar diz que correu um erro e nao consigo, ha 2 semanas assim, nao serve pra nada mais.;3
pablo silva;17 de abril de 2019;kkkkk diz que e possivel bloquear o cart√£o mas se eu perdi o cart√£o porque fica pedindo o n√∫mero do cart√£o;1
Carlos Oliveira;30 de julho de 2019;regular quando vai fazer o cadastro da erro;2
Maria Ziza;5 de junho de 2019;gosto muito e √≥timo agente sabe o quanto pode gastar.;4
laiza maia;12 de dezembro de 2018;N√£o estou conseguindo enviar o boleto para meu e-mail.. E preciso muito;3
Ana Maria;26 de setembro de 2019;Gostaria de saber o porqu√™ que eu n√£o consigo levantar dinheiro com o meu cart√£o Bradesco empresarial nas maquinas ATM em Portugal.;3
Malukim Henrique;27 de abril de 2019;cart√£o pessimo, limite pouco e muita anuidade, atendimento pessimo, n√£o resolve nada.;2
Liviane Tomasso;29 de setembro de 2019;Facilita muito a minha vida esse App esta de parabens üëèüëèüëè;4
Um usuario do Google;10 de janeiro de 2019;Pessimo! Tenho 2 cart√µes, depois da √∫ltima atualiza√ß√£o s√≥ consigo acessar a informa√ß√£o de 1. Piorou muito!;1
Marcella Mariano;28 de agosto de 2019;Aplicativo facil e agiliza nosso dia a dia.;4
Maria Augusta Costa;11 de junho de 2019;pessimo..fico horas tentando adquirir a fatura para pagamento e nao tenho acesso.;2
Daiane Andrade;4 de setembro de 2019;Normalizado. *** N√£o consigo criar meu perfil / cadastrar o cart√£o. Ja digitei e tirei foto, mas continua dando erro de informa√ß√µes. Pelos comentarios vejo que n√£o sou a √∫nica a enfrentar problemas do tipo.;3
Carla Cristina Godarth;8 de agosto de 2019;Poderia ser melhor!!! Voc√™s n√£o conhecem a palavra economizar, porque usar tr√™s folhas se em duas folhas da para colocar tudo e assim n√£o fica sobrando folha √† doa. Ai quem paga essas folhas somos n√≥s os consumidores!!! Vamos gastar menos folhas...;1
Thatiana Pequeno;18 de novembro de 2018;√â horrivel pq n√£o pegar s√≥ abre a pagina inicial;2
Asa Leste MG;8 de maio de 2019;Muito bom e pratico.;4
Pedro Henrique;3 de agosto de 2019;Eu finalizo o cadastro, s√≥ que eles min envia um padr√£o com letras e n√∫meros, eu colo do mesmo jeito que o apk pede, mais o apk fala que esta dando erro. pq ocorre isso?;3
ana Barreto;26 de setembro de 2019;Muito bom......eu gostei e recomendo;4
Rian Lima;4 de maio de 2019;√≥timo como sempre!!!!;4
Katia Ferreira;30 de maio de 2019;Eu ate baixei o aplicativo mas diz que a minha conex√£o com o Bradesco n√£o e segura e ai tenho que fechar sem dar continuidade;2
Magila Lopes;9 de agosto de 2019;Alem de n√£o conseguir cadastrar a senha de 4 digitos e precisar ir na ag√™ncia, o aplicativo n√£o ta servindo pra nada. O cart√£o chegou, foi desbloqueado mas o aplicativo esta in√∫til, abre mas pede um cadastro. No momento de cadastrar notifica que esta sem rede e da erro! Caramba Bradesco! Quanta buro‚Ä¶;1
Flavio Souza;24 de junho de 2019;foi boa achei o q precisava;4
Carhensil;1 de agosto de 2019;Esta faltando a op√ß√£o para fazer download da fatura completa, com c√≥digo de barras e tudo mais. Assim as pessoas poderiam aderir √† fatura digital. Resposta do desenvolvedor: Boa tarde! No menu Pagamento da Fatura existe a op√ß√£o de copiar c√≥digo de barras da fatura fechada e enviar boleto PDF por e-m‚Ä¶;1
valderice miranda;4 de agosto de 2019;muito bom em economizar mais tempo n√£o precisa ficar ligando;4
ASA;24 de junho de 2019;Ainda se tem muito o que melhorar, eu efetuei o pagamento da minha fatura dia 06/06 e no aplicativo esta informando que eu ainda tenho debito! diferente dos demais aplicativos de cart√µes, n√£o informa se alguma compra foi feita no cart√£o, a fatura n√£o e bem detalhada! enfim muitas coisas.;1
Joao Davi Pontes;7 de agosto de 2019;sempre n√£o aceita o cadastro e da erro de conex√£o. tem que melhorar!!;1
Jose Anderson Melo Paulino Paulino;13 de setembro de 2019;Um √≥timo banco, porem n√£o tem tanta seguran√ßa quanto parece, qualquer pessoa com seu cpf efetua o bloqueio e tem acesso a toda a movimenta√ß√£o do seu cart√£o!! Deveria ser mais seguro nesse ponto!;1
Leticia perell√≥;6 de setembro de 2019;Pratico, √∫til e mto facil de usar.;4
Jucelino Oliveira;30 de setembro de 2019;O app esta a cada upgrade melhor. Parabens!!! Sugest√µes aos desenvolvedores: Alterar o limite do titular dentro do limite global como ja e possivel em outras fintech, como e o caso do Nubank, que dentro do limite global, vc pode aumentar ou diminuir. Hoje, app caixa, recurso disponivel apenas para o‚Ä¶;1
Donna Iracy;14 de outubro de 2019;Nao consigo v√™ a op√ß√£o imprimir fatura, alguem me diga como imprimir, pois na vers√£o que baixei n√£o aparece de forma alguma, ja tentei de todo jeito. A fatura n√£o chega pelos correios, aqui n√£o funciona, e como fa√ßo pra efetuar o pagamento? As vezes acho que e de prop√≥sito, sei n√£o viu, n√£o tem pont‚Ä¶;3
Pedro Bruno;18 de setembro de 2019;Estou gostando do app, adiantamento de parcelas foi uma ideia √≥tima!!, agora uma sugest√£o importante, coloquem para abrir o app usando a digital, em vez da senha, ja era pra isso esta acontecendo,todos os app concorrentes ja tem, inclusive o app da conta corrente da caixa, e mais seguro, por favor p‚Ä¶;1
Roberta Oliveira;27 de setembro de 2019;A nova funcionalidade de antecipa√ß√£o de parcelas esta excelente!! Parabens ao idealizador, merece uma promo√ß√£o!! Sugiro como melhoria do APP que fosse possivel que o titular do cart√£o de credito pudesse confirmar (ou n√£o) dentro de determinado prazo transa√ß√µes realizadas por APPs, Internet e outras ‚Ä¶;1
Eloa Souza;23 de setembro de 2019;Meu pai e aposentado e a caixa disponibilizou esse cart√£o de credito pra ele mas nao consigo ter acesso a fatura no aplicativo. Como fa√ßo para visualizar a fatura? Todo m√™s e um tormento pra pagar ja que no caixa eletr√¥nico nunca sai o valor total apenas as dividas que tem no cart√£o. Pfv preciso ter‚Ä¶;3
Jackson Teixeira;24 de setembro de 2019;Nunca vi um App t√£o rui ! Fui na ag√™ncia atualizar meu telefone e todos os dados , quando baixei o App e fui acessar fala que eu tenho que digitar um telefone celular cadastrado , a ta de brincadeira ne? Ainda falam pra gente fazer fatura digital sendo que nem no simples aplicativo a gente consegue ‚Ä¶;2
Camila Saboya;13 de outubro de 2019;Bom dia! O aplicativo e muito bom. S√≥ falta uma atualiza√ß√£o para poder aumentar o limite do cart√£o pelo App ja que ir ate a ag√™ncia para fazer uma coisa t√£o simples se perde muito tempo. Seria t√£o facil a op√ß√£o atualizar renda para aumento do limite por aqui. Grata;1
Helen Amorim;23 de setembro de 2019;Seria muito bom ter a possibilidade de identifica√ß√£o digital, bem como a troca de senha. Tenho varios cart√µes e s√≥ lembro pq esta anotada no cartao (de forma codificada, claro, mas ainda assim tenho sempre que ver qual e senha) obg.;1
Sergio Alves;21 de setembro de 2019;Gostei da Atualiza√ß√£o, principalmente a parte que se refere a Antecipa√ß√£o de Parcelas e a outra mais importante que e a op√ß√£o de Renegocia√ß√£o de Debitos com outros Cart√µes, Sugiro que se inclua essa Op√ß√£o de Renegocia√ß√£o de Debitos com a Caixa no APP da Caixa tbm, pq somente e possivel fazer essa Re‚Ä¶;1
Marcia Peixoto;3 de setembro de 2019;Dou uma estrela porque n√£o consigo mais fazer acesso ao aplicativo. Desde que o cart√£o novo chegou simplesmente n√£o cadastra. Diz que minha solicita√ß√£o n√£o pode ser atendida, consulte a central de atendimento. Ja liguei, ja mandei email para o suporte e ninguem resolve o meu problema. Simplesmente m‚Ä¶;2
Luciane Barros;4 de janeiro de 2019;Estou tentando usar mas infelizmente n√£o consigo, pois o c√≥digo de ativa√ß√£o n√£o chega. Ja desinstalei e instalei novamente e nada.;3
Wagninho Santos;3 de novembro de 2018;Eu entrava facilmente nele.... Mas agora esta travando pra entra alguem pode dizer motivo da demora;3
Marcelo Thiago Santos;5 de abril de 2018;N√£o funciona mais,da erro e aparece uma mensagem de tentar novamente mais tarde.;3
Wander Ramos de Lima;9 de junho de 2019;Bom.;4
Jefferson Ara√∫jo;14 de junho de 2019;Um dos melhores app de banco q ja vi, mas depois da √∫ltima atualiza√ß√£o ontem 13/06 ficou muito bugado, toda vez q tento fazer uma transfer√™ncia o app reinicia.;2
Johnny Crispim;15 de maio de 2019;O melhor aplicativo de todos usem que n√£o v√£o se arrepender parabens nubenk;4
Matheus Gomes;21 de julho de 2019;Todos os produtos e servi√ßos s√£o de excelencia!;4
Edcarlos Silva;29 de junho de 2019;Eu tenho 2 cart√µes de credito e s√≥ esse que n√£o mim libera pra mim fazer esse tipo de avali√ß√£o de vcs esta muito errado n√£o gostei do tipo de avali√ß√£o;2
wester sousa;19 de setembro de 2019;Cliente a mais de 1 ano e s√≥ elogios!!!! Que a equipe continue sempre inovando!!!!;4
Marlon Almeida;10 de julho de 2019;Faz mais de 5 meses aue possuo o cart√£o, meu amigo pegou na mesma epoca e ja recebeu aumento de limite, paguei todas as faturas ate hj sem parcelar, mantenho essas 2 estrelas ate obter uma resposta, acho aue vcs deveriam rever algumas coisas, acho isso um tanto quanto injusto.;2
Daniel Alves;2 de julho de 2019;APP n√£o funciona mais no Zenfone 2. faz ja que 1 m√™s que estou com problemas no aplicativo e, consultando f√≥runs, verifiquei que que todos, ou todos, que tem o Zenfone 2 est√£o apresentando problemas no aplicativo. O mesmo abre e fecha e n√£o permite que nada seja feito. A Nubank ja esta ciente porem ‚Ä¶;3
Wanda Dall Agnola;22 de julho de 2019;Pratico, rapido e simples. Parabens!;4
Maisa Fran√ßa;19 de agosto de 2019;Ola, no dia 17/08/2019 (sabado), eu adiantei o valor de R$43,09 reais que era total que encontrava-se em aberto no meu cart√£o, e eu fiz o pagamento total desse valor e ainda fiz um dep√≥sito. Fiquei esperando ate o dia de hoje 19/08/2019 (segunda-feira), para poder constar meu pagamento. Recebi hoje ‚Ä¶;3
Kennede Anderson;5 de outubro de 2019;Pra mim o melhor!mais falta atender o cliente pedimos aumento e n√£o mim dar n√≥s como cliente quero o limite alto e n√£o pouco queremos compra algum mais caro e n√£o posso porque eles n√£o mim da credito estou triste por isso,por favor nubank aumentar meu limite que vou mudar minha opini√£o!!;2
Felipe Cardoso;2 de julho de 2019;O cart√£o e realmente muito bom, mas o App n√£o funciona de jeito nenhum. N√£o para aberto, sempre que abro fica fechando e dando mensagem de erro, agora esta dando CPF ou senha invalidos e mesmo cadastrando outra senha pela internet atraves do meu e-mail, continua dando invalido. Estou desinstalando e‚Ä¶;2
Thiago Coelho;3 de julho de 2019;Muito bom tudo no formato da nubank. Mas poderiam fazer como a C6, que lan√ßou a tag para passar em pedagios e n√£o tem custo de mensalidades como as demais empresas que fazem esse servi√ßo;1
Camila Mil√£o;21 de maio de 2019;Frustrante, pois queria abrir uma conta para receber o pagamento de trabalho que fa√ßo, pois sou aut√¥noma no momento, e queria apenas uma conta que pudesse render, e da qual tivesse controle do meu dinheiro, e infelizmente n√£o foi possivel, vcs deveriam colocar a op√ß√£o de debito ou credito para o cli‚Ä¶;1
Alex Silva;28 de junho de 2019;Ola Nubank gostaria de sabe se por esse aplicativo consigo fazer meu cart√£o de credito? solicitar um cart√£o de credito mim ajude obg!;3
Jully Ladeia;24 de junho de 2019;√öltima atualiza√ß√£o deixou o app instavel, fecha sozinho, e o acesso esta limitado, ja enviei um e-mail e foram super ageis para me responder, me informaram que ja est√£o trabalhando numa solu√ß√£o para esse problema, que esta se manifestando em aparelhos Asus.;4
Klebinho do Manto;14 de julho de 2019;Ate agora estou amando meu roxinho!! chegou muito rapido e a libera√ß√£o a fun√ß√£o credito tambem.. n√£o tenho que reclamar, atendimento muito interessante .. s√≥ n√£o dou 5 estrelas pois ainda tenho dias üòÅ;4
Marcelo Antonio De Carvalho Lima;29 de junho de 2019;Top! Melhor cart√£o de credito aliado √† um aplicativo simples e completo...;4
reginaldo kanesi;15 de julho de 2019;Excelente app . Tem tudo o que gostaria que tivesse em um app de cart√£o de credito , e ainda tem a Nuconta que tambem e fantastica .;4
Andresa Machado;15 de julho de 2019;Desde a atualiza√ß√£o ocorrida em junho o App parou de funcionar. Ha uma enorme quantidade de relatos sobre este problema. Inicialmente, informaram que iriam resolver, mas hoje comunicaram oficialmente que n√£o conseguiram e que devo trocar de smartphone. Meu smartphone tem 4gb de RAM e funciona perfei‚Ä¶;2
Iuri Kenedi;3 de outubro de 2019;N√£o tenho a op√ß√£o de cart√£o virtual, e pedi todos os meus dados pessoais, posso ate denucia isso, ja que n√£o tem como eu efetua compras online;1
Pedro DE SOUZA;3 de setembro de 2019;Excelente app mais n√£o estou conseguindo entrar coloco meus dados de acesso certinho mais o App carrega e volta pro inicio.;2
Debora Porto;5 de agosto de 2019;para ele ser melhor s√≥ falta fazer recarga de celular.;1
Rodiney Clein;25 de setembro de 2019;Bom dia eu formatei meu celular pk s√≥ tava travando. Ai estalei o app novamente mas n√£o consigo entrar mais no app. Ele fala k manda uma senha pro email mas n√£o chega senha nenhuma e n√£o consigo falar com vc. E n√£o consigo entrar no app mais. Minha fatura ta quase vencedo e n√£o consigo imprimir pk n‚Ä¶;3
Patrick Thome;3 de outubro de 2019;Sempre fui da Turma B ate o ensino medio. Bateu ate saudade. S√≥ quem para pra ler antes de atualizar vai entender. üíú;4
Rodrigo Sa;21 de setembro de 2019;Abri minha Nuconta e chegou meu cart√£o. Ate ai, sem reclama√ß√£o nenhuma com rela√ß√£o ao Nubank. Meu problema e o app, que estou tentando fazer com que o desbloqueio e acesso seja feito pela digital (assim como fa√ßo no Bradesco, Santander e Caixa) mas eu ativo a op√ß√£o no app, mas toda vez q vou acessar‚Ä¶;1
Ricardo Ara√∫jo;29 de agosto de 2019;Para ficar perfeito, s√≥ faltou ter acesso a Samsung pay, google pay.;1
Izabela Oliveira;13 de agosto de 2019;o meu app ta bloqueando. e n√£o consigo abrir p acessa-lo;2
Josete Ara√∫jo Rios;13 de agosto de 2019;Acho as datas muito bagun√ßadas n√£o intendo nada deveria melhorar nessa parte.;1
VAI VENDO ROMARIOOFICIAL;2 de julho de 2019;bom dia consegui abrir minha conta porem n√£o e de credito e sim uma conta para uso de debito, n√£o seria so muda de banco e sim ganhar o cart√£o para uso de credito compra parceladas, mais nao foi isso que aconteceu com migo ent√£o acho desnecessario. vc's poderiam resolver isso?;3
Maria teresinha Lima;5 de setembro de 2019;Vai fazer um mes que espero o cartao da minha nuconta. Como entrar em contato com o banco? Quero movimentar a conta, mas sem cartao nao da!;2
Gisele Pereira;2 de agosto de 2019;Sensacional! √ìtimo atendimento!;4
Cleiverton Concei√ß√£o;21 de agosto de 2019;Muito bom tudo rapido facil e com seguran√ßa;4
DOWNHILL CTO;8 de julho de 2019;cart√£o maravilhoso, considerado cart√£o do futuro cada vez aprimorando tecnologia e o atendimento, nem tem oque falar sobre o nubank simplesmente perfeito !:)üíú;4
Anderson Vitorino;30 de junho de 2019;achei o App muito bom. mas gostaria que houvesse a op√ß√£o de guardar o centavos. Exemplo se compramos algo de 19,60 ele arrendonda para 20,00 e guarda na sua poupan√ßa os 40 centavos que restou, te ajudando a economizar e ter um dinheirinho guardado sem perceber. s√≥ uma ideia, obrigado.;1
Lucas Arantes Lima;10 de agosto de 2019;Sobre a facilidade do app, da conta e afins, n√£o o que falar, muito bom. S√≥ n√£o dou 5 estrelas por causa do limite do cart√£o. Minha renda aumenta, eu uso mais do cart√£o e nada de aumentar o Limite. E tem gente que abre a conta com menos renda e consegue mais que o dobro do meu limite kkkkkk Com isso‚Ä¶;1
Allana Leia;19 de junho de 2019;Excelente app. Tudo detalhado e facil;4
Tranxtornado;12 de agosto de 2019;o aplicativo era √≥timo porem agora n√£o abre mais!!! por favor me ajudem preciso pagar minha fatura e sem o app n√£o e possivel! !!;3
Alexandre;13 de setembro de 2019;A op√ß√£o contactless (pagamento por aproxima√ß√£o) deveria ter uma op√ß√£o para configurar se quero digitar a senha sempre ou o padr√£o atual de n√£o precisar para valores ate 50 reais. Pois eu n√£o gosto da ideia de apenas aproximar a maquina do meu cart√£o e fui cobrado, e isso pode acontecer com o cart√£o ‚Ä¶;1
Adan Gomes;22 de maio de 2019;Fantastico! Simplificou minha vida demais.;4
Walleson Pereira;17 de junho de 2019;o cartao eh muito bom mesmo,mais n√£o aumenta o limite;1
Fernanda Alves;4 de julho de 2019;eu t√¥ tentando fazer o perdido de um cart√£o para mim s√≥ que n√£o consigo finalizar s√≥ diz que eu verifique a conex√£o de internet sendo que eu uso wifi porque disso?;3
Roberto Andrade;1 de julho de 2019;Boa op√ß√£o dentro das contas digitais. Mas pode ser melhorada, um ponto e ter favoritos nas transfer√™ncias pois todas vez ter que digitar os dados n√£o e legal, a maioria das contas ja tem.;1
Luiz Carlos Marques;26 de junho de 2019;nessa √∫ltima atualiza√ß√£o eu n√£o consigo mexer direito no app, ele sempre volta sozinho para pagina inicial;2
Paulo Vitor;2 de agosto de 2019;Eu nao estou conseguindo acessar e fazer login na minha conta no aplicativo.;2
Selma Ribeiro;26 de junho de 2019;Desde a √∫ltima atualiza√ß√£o n√£o consigo utilizar meu app.Ja reinstalei, autorizei... e continua com problema. Meu cel e o Zenphone ASUS. Desenvolvedores da Nubank d√™em um jeito nisso por favor e urgente!!! Obrigada;3
Heitor Pabon;5 de julho de 2019;apesar de conseguir acessar minha conta, nao consigo gerar nem pagar os boletos pois o app diz que estou com a internet desativada. Tentei pelo wifi e 4g e continua a mesma coisa, o vencimento da fatura vem chegando e nao recebi a fatura por email nem consigo pagar pelo app.;1
Aluisio Santos de Oliveira;11 de julho de 2019;O App n√£o esta funcionando corretamente. Tentei varias vezes emitir um boleto e fazer um pagamento de uma fatura, mas n√£o consegui. Ap√≥s fazer a solicita√ß√£o, o App fica carregando um bom tempo, mas n√£o termina de processar a solicita√ß√£o com a mensagem de que pode haver problemas com a minha internet‚Ä¶;1
thauan gamer;23 de agosto de 2019;Muito ruim pra se resolver algum problema relacionado a conta. Passei a receber meu salario recentemente, fui ate um caixa 24h sacar, nao saiu dinheiro nenhum mas o banco debitou da minha conta o valor de 150,00 e 6,50 da taxa que cobram por usar um 24h. E ate agora nao devolveram meu dinheiro, ligo‚Ä¶;3
rose viguini;4 de junho de 2019;Criei a conta e s√≥. O aplicativo n√£o funciona. Reinstalei varias vezes. Ainda bem que n√£o fiz dep√≥sito. Estou decepcionada, pois esperava acesso facil.;3
Raymaria Bezerra;10 de outubro de 2019;Decepcionada tanto an√∫ncio falando que n√£o tem anuidade e ontem foi cobrado o valor de 19 reais referente a uma assinatura, palha√ßada √± indico ninguem a usar .;2
Idris PL;26 de maio de 2019;App muito bom , nova tend√™ncia mundial . Fintech . Poderia ter a possibilidade de saque em caixa eletronico 24 horas;1
